Simulation number,run_time,HEURISTIC,ALGORITHM,EXPLORATION_CONSTANT,MAX_ITERATION,EXP_CONST_DECAY,Average_Cost,Total_Time_Penalty_Cost,Total_Fuel_Cost
1137501,3,True,DPWSolver,100,50,0.9998,2037125,0,2037125
1137502,3,False,DPWSolver,100,50,0.9998,2265760,0,2265760
1137503,18,True,NAIVE,100,50,0.9998,2061123,0,2061123
1137504,25,False,NAIVE,100,50,0.9998,2152178,0,2152178
1137505,1,True,ProgressiveWideningSolver,100,50,0.9998,2035204,0,2035204
1137506,2,False,ProgressiveWideningSolver,100,50,0.9998,2272321,0,2272321
1137507,3,True,DPWSolver,100,50,0.998,2117075,0,2117075
1137508,3,False,DPWSolver,100,50,0.998,2263793,0,2263793
1137509,20,True,NAIVE,100,50,0.998,1995484,0,1995484
1137510,25,False,NAIVE,100,50,0.998,2213088,0,2213088
1137511,1,True,ProgressiveWideningSolver,100,50,0.998,2071415,0,2071415
1137512,2,False,ProgressiveWideningSolver,100,50,0.998,2181160,0,2181160
1137513,5,True,DPWSolver,100,100,0.9998,1922662,0,1922662
1137514,5,False,DPWSolver,100,100,0.9998,2154626,0,2154626
1137515,47,True,NAIVE,100,100,0.9998,1936356,0,1936356
1137516,59,False,NAIVE,100,100,0.9998,2094055,0,2094055
1137517,3,True,ProgressiveWideningSolver,100,100,0.9998,2076903,0,2076903
1137518,4,False,ProgressiveWideningSolver,100,100,0.9998,2267918,0,2267918
1137519,5,True,DPWSolver,100,100,0.998,1956723,0,1956723
1137520,5,False,DPWSolver,100,100,0.998,2140679,0,2140679
1137521,53,True,NAIVE,100,100,0.998,1967990,0,1967990
1137522,66,False,NAIVE,100,100,0.998,1995778,0,1995778
1137523,3,True,ProgressiveWideningSolver,100,100,0.998,2026350,0,2026350
1137524,4,False,ProgressiveWideningSolver,100,100,0.998,2140321,0,2140321
1137525,10,True,DPWSolver,100,200,0.9998,2117272,0,2117272
1137526,10,False,DPWSolver,100,200,0.9998,2192007,0,2192007
1137527,130,True,NAIVE,100,200,0.9998,1998009,0,1998009
1137528,156,False,NAIVE,100,200,0.9998,2087842,0,2087842
1137529,5,True,ProgressiveWideningSolver,100,200,0.9998,1960552,0,1960552
1137530,6,False,ProgressiveWideningSolver,100,200,0.9998,2297721,0,2297721
1137531,9,True,DPWSolver,100,200,0.998,1958972,0,1958972
1137532,10,False,DPWSolver,100,200,0.998,2097854,0,2097854
1137533,121,True,NAIVE,100,200,0.998,1982420,0,1982420
1137534,147,False,NAIVE,100,200,0.998,2208424,0,2208424
1137535,5,True,ProgressiveWideningSolver,100,200,0.998,2043321,0,2043321
1137536,6,False,ProgressiveWideningSolver,100,200,0.998,2183463,0,2183463
1137537,21,True,DPWSolver,100,500,0.9998,1938990,0,1938990
1137538,25,False,DPWSolver,100,500,0.9998,2162681,0,2162681
1137539,244,True,NAIVE,100,500,0.9998,1929095,0,1929095
1137540,350,False,NAIVE,100,500,0.9998,2009904,0,2009904
1137541,9,True,ProgressiveWideningSolver,100,500,0.9998,2051182,0,2051182
1137542,11,False,ProgressiveWideningSolver,100,500,0.9998,2204901,0,2204901
1137543,22,True,DPWSolver,100,500,0.998,1977932,0,1977932
1137544,25,False,DPWSolver,100,500,0.998,2228609,0,2228609
1137545,271,True,NAIVE,100,500,0.998,1972140,0,1972140
1137546,345,False,NAIVE,100,500,0.998,2041950,0,2041950
1137547,19,True,ProgressiveWideningSolver,100,500,0.998,2103916,0,2103916
1137548,21,False,ProgressiveWideningSolver,100,500,0.998,2185478,0,2185478
1137549,46,True,DPWSolver,100,1000,0.9998,1988103,0,1988103
1137550,48,False,DPWSolver,100,1000,0.9998,2153874,0,2153874
1137551,373,True,NAIVE,100,1000,0.9998,1920125,0,1920125
1137552,499,False,NAIVE,100,1000,0.9998,2101605,0,2101605
1137553,16,True,ProgressiveWideningSolver,100,1000,0.9998,2023909,0,2023909
1137554,19,False,ProgressiveWideningSolver,100,1000,0.9998,2145899,0,2145899
1137555,44,True,DPWSolver,100,1000,0.998,1933214,0,1933214
1137556,54,False,DPWSolver,100,1000,0.998,2062998,0,2062998
1137557,377,True,NAIVE,100,1000,0.998,1906986,0,1906986
1137558,486,False,NAIVE,100,1000,0.998,1994429,0,1994429
1137559,17,True,ProgressiveWideningSolver,100,1000,0.998,1961153,0,1961153
1137560,21,False,ProgressiveWideningSolver,100,1000,0.998,2166881,0,2166881
1137561,99,True,DPWSolver,100,2000,0.9998,2003696,0,2003696
1137562,111,False,DPWSolver,100,2000,0.9998,2231098,0,2231098
1137563,542,True,NAIVE,100,2000,0.9998,1851752,0,1851752
1137564,693,False,NAIVE,100,2000,0.9998,1981700,0,1981700
1137565,32,True,ProgressiveWideningSolver,100,2000,0.9998,2046918,0,2046918
1137566,48,False,ProgressiveWideningSolver,100,2000,0.9998,2158405,0,2158405
1137567,96,True,DPWSolver,100,2000,0.998,2026314,0,2026314
1137568,118,False,DPWSolver,100,2000,0.998,2152651,0,2152651
1137569,568,True,NAIVE,100,2000,0.998,1913574,0,1913574
1137570,754,False,NAIVE,100,2000,0.998,2024115,0,2024115
1137571,31,True,ProgressiveWideningSolver,100,2000,0.998,2017885,0,2017885
1137572,40,False,ProgressiveWideningSolver,100,2000,0.998,2190720,0,2190720
1137573,270,True,DPWSolver,100,5000,0.9998,2014286,0,2014286
1137574,308,False,DPWSolver,100,5000,0.9998,2086650,0,2086650
1137575,793,True,NAIVE,100,5000,0.9998,1950780,0,1950780
1137576,1107,False,NAIVE,100,5000,0.9998,2000018,0,2000018
1137577,110,True,ProgressiveWideningSolver,100,5000,0.9998,1961546,0,1961546
1137578,126,False,ProgressiveWideningSolver,100,5000,0.9998,2226184,0,2226184
1137579,275,True,DPWSolver,100,5000,0.998,2012528,0,2012528
1137580,311,False,DPWSolver,100,5000,0.998,2196172,0,2196172
1137581,814,True,NAIVE,100,5000,0.998,1882637,0,1882637
1137582,1082,False,NAIVE,100,5000,0.998,1972491,0,1972491
1137583,113,True,ProgressiveWideningSolver,100,5000,0.998,2017232,0,2017232
1137584,133,False,ProgressiveWideningSolver,100,5000,0.998,2180300,0,2180300
1137585,3,True,DPWSolver,1000,50,0.9998,2049743,0,2049743
1137586,3,False,DPWSolver,1000,50,0.9998,2143698,0,2143698
1137587,22,True,NAIVE,1000,50,0.9998,2037570,0,2037570
1137588,26,False,NAIVE,1000,50,0.9998,2202530,0,2202530
1137589,1,True,ProgressiveWideningSolver,1000,50,0.9998,2079511,0,2079511
1137590,2,False,ProgressiveWideningSolver,1000,50,0.9998,2124013,0,2124013
1137591,3,True,DPWSolver,1000,50,0.998,1978108,0,1978108
1137592,3,False,DPWSolver,1000,50,0.998,2222774,0,2222774
1137593,22,True,NAIVE,1000,50,0.998,2022162,0,2022162
1137594,28,False,NAIVE,1000,50,0.998,2199733,0,2199733
1137595,2,True,ProgressiveWideningSolver,1000,50,0.998,2033521,0,2033521
1137596,2,False,ProgressiveWideningSolver,1000,50,0.998,2246141,0,2246141
1137597,5,True,DPWSolver,1000,100,0.9998,1992977,0,1992977
1137598,6,False,DPWSolver,1000,100,0.9998,2166140,0,2166140
1137599,58,True,NAIVE,1000,100,0.9998,1979231,0,1979231
1137600,66,False,NAIVE,1000,100,0.9998,2148497,0,2148497
1137601,3,True,ProgressiveWideningSolver,1000,100,0.9998,2001734,0,2001734
1137602,3,False,ProgressiveWideningSolver,1000,100,0.9998,2251717,0,2251717
1137603,5,True,DPWSolver,1000,100,0.998,1968963,0,1968963
1137604,5,False,DPWSolver,1000,100,0.998,2211830,0,2211830
1137605,50,True,NAIVE,1000,100,0.998,1935555,0,1935555
1137606,68,False,NAIVE,1000,100,0.998,2068612,0,2068612
1137607,3,True,ProgressiveWideningSolver,1000,100,0.998,1986883,0,1986883
1137608,3,False,ProgressiveWideningSolver,1000,100,0.998,2202301,0,2202301
1137609,9,True,DPWSolver,1000,200,0.9998,1993903,0,1993903
1137610,10,False,DPWSolver,1000,200,0.9998,2108096,0,2108096
1137611,125,True,NAIVE,1000,200,0.9998,2070698,0,2070698
1137612,148,False,NAIVE,1000,200,0.9998,2164929,0,2164929
1137613,5,True,ProgressiveWideningSolver,1000,200,0.9998,1889778,0,1889778
1137614,5,False,ProgressiveWideningSolver,1000,200,0.9998,2134914,0,2134914
1137615,10,True,DPWSolver,1000,200,0.998,1978265,0,1978265
1137616,11,False,DPWSolver,1000,200,0.998,2140932,0,2140932
1137617,127,True,NAIVE,1000,200,0.998,2044852,0,2044852
1137618,147,False,NAIVE,1000,200,0.998,2155875,0,2155875
1137619,5,True,ProgressiveWideningSolver,1000,200,0.998,1980785,0,1980785
1137620,6,False,ProgressiveWideningSolver,1000,200,0.998,2152712,0,2152712
1137621,23,True,DPWSolver,1000,500,0.9998,1999584,0,1999584
1137622,24,False,DPWSolver,1000,500,0.9998,2133931,0,2133931
1137623,275,True,NAIVE,1000,500,0.9998,1985924,0,1985924
1137624,340,False,NAIVE,1000,500,0.9998,2037403,0,2037403
1137625,9,True,ProgressiveWideningSolver,1000,500,0.9998,2092280,0,2092280
1137626,11,False,ProgressiveWideningSolver,1000,500,0.9998,2110524,0,2110524
1137627,21,True,DPWSolver,1000,500,0.998,1923227,0,1923227
1137628,25,False,DPWSolver,1000,500,0.998,2153717,0,2153717
1137629,261,True,NAIVE,1000,500,0.998,1950196,0,1950196
1137630,327,False,NAIVE,1000,500,0.998,2053592,0,2053592
1137631,9,True,ProgressiveWideningSolver,1000,500,0.998,1997010,0,1997010
1137632,11,False,ProgressiveWideningSolver,1000,500,0.998,2165655,0,2165655
1137633,51,True,DPWSolver,1000,1000,0.9998,2010876,0,2010876
1137634,52,False,DPWSolver,1000,1000,0.9998,2128289,0,2128289
1137635,414,True,NAIVE,1000,1000,0.9998,1909449,0,1909449
1137636,555,False,NAIVE,1000,1000,0.9998,1985392,0,1985392
1137637,17,True,ProgressiveWideningSolver,1000,1000,0.9998,1939828,0,1939828
1137638,22,False,ProgressiveWideningSolver,1000,1000,0.9998,2250981,0,2250981
1137639,49,True,DPWSolver,1000,1000,0.998,1932546,0,1932546
1137640,54,False,DPWSolver,1000,1000,0.998,2175624,0,2175624
1137641,423,True,NAIVE,1000,1000,0.998,1911964,0,1911964
1137642,529,False,NAIVE,1000,1000,0.998,2006358,0,2006358
1137643,19,True,ProgressiveWideningSolver,1000,1000,0.998,2039502,0,2039502
1137644,22,False,ProgressiveWideningSolver,1000,1000,0.998,2281997,0,2281997
1137645,100,True,DPWSolver,1000,2000,0.9998,1984933,0,1984933
1137646,122,False,DPWSolver,1000,2000,0.9998,2168866,0,2168866
1137647,585,True,NAIVE,1000,2000,0.9998,1894790,0,1894790
1137648,788,False,NAIVE,1000,2000,0.9998,1983735,0,1983735
1137649,35,True,ProgressiveWideningSolver,1000,2000,0.9998,2074263,0,2074263
1137650,43,False,ProgressiveWideningSolver,1000,2000,0.9998,2124321,0,2124321
1137651,105,True,DPWSolver,1000,2000,0.998,2067948,0,2067948
1137652,117,False,DPWSolver,1000,2000,0.998,2127018,0,2127018
1137653,563,True,NAIVE,1000,2000,0.998,1949283,0,1949283
1137654,794,False,NAIVE,1000,2000,0.998,1974693,0,1974693
1137655,31,True,ProgressiveWideningSolver,1000,2000,0.998,2037474,0,2037474
1137656,40,False,ProgressiveWideningSolver,1000,2000,0.998,2185717,0,2185717
1137657,281,True,DPWSolver,1000,5000,0.9998,1955923,0,1955923
1137658,328,False,DPWSolver,1000,5000,0.9998,2125979,0,2125979
1137659,847,True,NAIVE,1000,5000,0.9998,1919550,0,1919550
1137660,1123,False,NAIVE,1000,5000,0.9998,2062609,0,2062609
1137661,112,True,ProgressiveWideningSolver,1000,5000,0.9998,2044055,0,2044055
1137662,135,False,ProgressiveWideningSolver,1000,5000,0.9998,2142362,0,2142362
1137663,282,True,DPWSolver,1000,5000,0.998,2004328,0,2004328
1137664,327,False,DPWSolver,1000,5000,0.998,2137445,0,2137445
1137665,848,True,NAIVE,1000,5000,0.998,1897364,0,1897364
1137666,1134,False,NAIVE,1000,5000,0.998,1990872,0,1990872
1137667,114,True,ProgressiveWideningSolver,1000,5000,0.998,1962884,0,1962884
1137668,131,False,ProgressiveWideningSolver,1000,5000,0.998,2201793,0,2201793
1137669,3,True,DPWSolver,10000,50,0.9998,2066195,0,2066195
1137670,3,False,DPWSolver,10000,50,0.9998,2281435,0,2281435
1137671,23,True,NAIVE,10000,50,0.9998,1964886,0,1964886
1137672,28,False,NAIVE,10000,50,0.9998,2133312,0,2133312
1137673,2,True,ProgressiveWideningSolver,10000,50,0.9998,2118745,0,2118745
1137674,2,False,ProgressiveWideningSolver,10000,50,0.9998,2253138,0,2253138
1137675,3,True,DPWSolver,10000,50,0.998,2069632,0,2069632
1137676,3,False,DPWSolver,10000,50,0.998,2141844,0,2141844
1137677,52,True,NAIVE,10000,50,0.998,2030442,0,2030442
1137678,47,False,NAIVE,10000,50,0.998,2212791,0,2212791
1137679,3,True,ProgressiveWideningSolver,10000,50,0.998,2163341,0,2163341
1137680,3,False,ProgressiveWideningSolver,10000,50,0.998,2170702,0,2170702
1137681,5,True,DPWSolver,10000,100,0.9998,1965349,0,1965349
1137682,6,False,DPWSolver,10000,100,0.9998,2187998,0,2187998
1137683,50,True,NAIVE,10000,100,0.9998,1927173,0,1927173
1137684,65,False,NAIVE,10000,100,0.9998,2148691,0,2148691
1137685,3,True,ProgressiveWideningSolver,10000,100,0.9998,1917068,0,1917068
1137686,4,False,ProgressiveWideningSolver,10000,100,0.9998,2233833,0,2233833
1137687,5,True,DPWSolver,10000,100,0.998,2016986,0,2016986
1137688,6,False,DPWSolver,10000,100,0.998,2244770,0,2244770
1137689,56,True,NAIVE,10000,100,0.998,1933160,0,1933160
1137690,66,False,NAIVE,10000,100,0.998,2065752,0,2065752
1137691,3,True,ProgressiveWideningSolver,10000,100,0.998,1952527,0,1952527
1137692,3,False,ProgressiveWideningSolver,10000,100,0.998,2149317,0,2149317
1137693,9,True,DPWSolver,10000,200,0.9998,1968214,0,1968214
1137694,10,False,DPWSolver,10000,200,0.9998,2103985,0,2103985
1137695,123,True,NAIVE,10000,200,0.9998,2054609,0,2054609
1137696,163,False,NAIVE,10000,200,0.9998,2141790,0,2141790
1137697,5,True,ProgressiveWideningSolver,10000,200,0.9998,1982714,0,1982714
1137698,6,False,ProgressiveWideningSolver,10000,200,0.9998,2199139,0,2199139
1137699,10,True,DPWSolver,10000,200,0.998,1956133,0,1956133
1137700,11,False,DPWSolver,10000,200,0.998,2179177,0,2179177
1137701,134,True,NAIVE,10000,200,0.998,1987461,0,1987461
1137702,164,False,NAIVE,10000,200,0.998,2094369,0,2094369
1137703,5,True,ProgressiveWideningSolver,10000,200,0.998,2041671,0,2041671
1137704,6,False,ProgressiveWideningSolver,10000,200,0.998,2208718,0,2208718
1137705,24,True,DPWSolver,10000,500,0.9998,1982488,0,1982488
1137706,25,False,DPWSolver,10000,500,0.9998,2134425,0,2134425
1137707,286,True,NAIVE,10000,500,0.9998,1954628,0,1954628
1137708,335,False,NAIVE,10000,500,0.9998,2027993,0,2027993
1137709,9,True,ProgressiveWideningSolver,10000,500,0.9998,1975009,0,1975009
1137710,11,False,ProgressiveWideningSolver,10000,500,0.9998,2202158,0,2202158
1137711,23,True,DPWSolver,10000,500,0.998,1923752,0,1923752
1137712,25,False,DPWSolver,10000,500,0.998,2222102,0,2222102
1137713,250,True,NAIVE,10000,500,0.998,1952879,0,1952879
1137714,328,False,NAIVE,10000,500,0.998,2007151,0,2007151
1137715,9,True,ProgressiveWideningSolver,10000,500,0.998,1962815,0,1962815
1137716,11,False,ProgressiveWideningSolver,10000,500,0.998,2088286,0,2088286
1137717,49,True,DPWSolver,10000,1000,0.9998,2031560,0,2031560
1137718,55,False,DPWSolver,10000,1000,0.9998,2134212,0,2134212
1137719,415,True,NAIVE,10000,1000,0.9998,1919201,0,1919201
1137720,539,False,NAIVE,10000,1000,0.9998,2011210,0,2011210
1137721,17,True,ProgressiveWideningSolver,10000,1000,0.9998,1997881,0,1997881
1137722,21,False,ProgressiveWideningSolver,10000,1000,0.9998,2197094,0,2197094
1137723,51,True,DPWSolver,10000,1000,0.998,1999942,0,1999942
1137724,54,False,DPWSolver,10000,1000,0.998,2084228,0,2084228
1137725,411,True,NAIVE,10000,1000,0.998,1881377,0,1881377
1137726,525,False,NAIVE,10000,1000,0.998,2015798,0,2015798
1137727,18,True,ProgressiveWideningSolver,10000,1000,0.998,1988914,0,1988914
1137728,21,False,ProgressiveWideningSolver,10000,1000,0.998,2170059,0,2170059
1137729,101,True,DPWSolver,10000,2000,0.9998,2017083,0,2017083
1137730,119,False,DPWSolver,10000,2000,0.9998,2127689,0,2127689
1137731,587,True,NAIVE,10000,2000,0.9998,1934962,0,1934962
1137732,761,False,NAIVE,10000,2000,0.9998,1966354,0,1966354
1137733,36,True,ProgressiveWideningSolver,10000,2000,0.9998,2087342,0,2087342
1137734,42,False,ProgressiveWideningSolver,10000,2000,0.9998,2201881,0,2201881
1137735,102,True,DPWSolver,10000,2000,0.998,1970566,0,1970566
1137736,120,False,DPWSolver,10000,2000,0.998,2140438,0,2140438
1137737,581,True,NAIVE,10000,2000,0.998,1864865,0,1864865
1137738,800,False,NAIVE,10000,2000,0.998,1953475,0,1953475
1137739,31,True,ProgressiveWideningSolver,10000,2000,0.998,1950290,0,1950290
1137740,41,False,ProgressiveWideningSolver,10000,2000,0.998,2173406,0,2173406
1137741,271,True,DPWSolver,10000,5000,0.9998,1989014,0,1989014
1137742,322,False,DPWSolver,10000,5000,0.9998,2089453,0,2089453
1137743,866,True,NAIVE,10000,5000,0.9998,1873380,0,1873380
1137744,1110,False,NAIVE,10000,5000,0.9998,2009122,0,2009122
1137745,113,True,ProgressiveWideningSolver,10000,5000,0.9998,1970695,0,1970695
1137746,134,False,ProgressiveWideningSolver,10000,5000,0.9998,2226448,0,2226448
1137747,270,True,DPWSolver,10000,5000,0.998,1996239,0,1996239
1137748,312,False,DPWSolver,10000,5000,0.998,2264413,0,2264413
1137749,817,True,NAIVE,10000,5000,0.998,1913231,0,1913231
1137750,1099,False,NAIVE,10000,5000,0.998,1993972,0,1993972
1137751,111,True,ProgressiveWideningSolver,10000,5000,0.998,1954729,0,1954729
1137752,132,False,ProgressiveWideningSolver,10000,5000,0.998,2156780,0,2156780
1137753,3,True,DPWSolver,50000,50,0.9998,1995401,0,1995401
1137754,3,False,DPWSolver,50000,50,0.9998,2161179,0,2161179
1137755,23,True,NAIVE,50000,50,0.9998,2006355,0,2006355
1137756,28,False,NAIVE,50000,50,0.9998,2098797,0,2098797
1137757,2,True,ProgressiveWideningSolver,50000,50,0.9998,2053547,0,2053547
1137758,2,False,ProgressiveWideningSolver,50000,50,0.9998,2216253,0,2216253
1137759,3,True,DPWSolver,50000,50,0.998,2084049,0,2084049
1137760,3,False,DPWSolver,50000,50,0.998,2360289,0,2360289
1137761,21,True,NAIVE,50000,50,0.998,2032223,0,2032223
1137762,27,False,NAIVE,50000,50,0.998,2095934,0,2095934
1137763,2,True,ProgressiveWideningSolver,50000,50,0.998,2029877,0,2029877
1137764,2,False,ProgressiveWideningSolver,50000,50,0.998,2163162,0,2163162
1137765,6,True,DPWSolver,50000,100,0.9998,1991105,0,1991105
1137766,6,False,DPWSolver,50000,100,0.9998,2119791,0,2119791
1137767,54,True,NAIVE,50000,100,0.9998,1959825,0,1959825
1137768,63,False,NAIVE,50000,100,0.9998,2103800,0,2103800
1137769,3,True,ProgressiveWideningSolver,50000,100,0.9998,1975364,0,1975364
1137770,4,False,ProgressiveWideningSolver,50000,100,0.9998,2098531,0,2098531
1137771,6,True,DPWSolver,50000,100,0.998,1983393,0,1983393
1137772,6,False,DPWSolver,50000,100,0.998,2137143,0,2137143
1137773,54,True,NAIVE,50000,100,0.998,1906415,0,1906415
1137774,59,False,NAIVE,50000,100,0.998,2107923,0,2107923
1137775,3,True,ProgressiveWideningSolver,50000,100,0.998,1933770,0,1933770
1137776,4,False,ProgressiveWideningSolver,50000,100,0.998,2219467,0,2219467
1137777,9,True,DPWSolver,50000,200,0.9998,2005132,0,2005132
1137778,11,False,DPWSolver,50000,200,0.9998,2129291,0,2129291
1137779,119,True,NAIVE,50000,200,0.9998,1956688,0,1956688
1137780,152,False,NAIVE,50000,200,0.9998,2042915,0,2042915
1137781,5,True,ProgressiveWideningSolver,50000,200,0.9998,2013318,0,2013318
1137782,5,False,ProgressiveWideningSolver,50000,200,0.9998,2151696,0,2151696
1137783,9,True,DPWSolver,50000,200,0.998,2103762,0,2103762
1137784,10,False,DPWSolver,50000,200,0.998,2147231,0,2147231
1137785,129,True,NAIVE,50000,200,0.998,1927264,0,1927264
1137786,165,False,NAIVE,50000,200,0.998,2086947,0,2086947
1137787,5,True,ProgressiveWideningSolver,50000,200,0.998,1971809,0,1971809
1137788,6,False,ProgressiveWideningSolver,50000,200,0.998,2134654,0,2134654
1137789,25,True,DPWSolver,50000,500,0.9998,2011732,0,2011732
1137790,30,False,DPWSolver,50000,500,0.9998,2050428,0,2050428
1137791,248,True,NAIVE,50000,500,0.9998,1885124,0,1885124
1137792,345,False,NAIVE,50000,500,0.9998,1972574,0,1972574
1137793,9,True,ProgressiveWideningSolver,50000,500,0.9998,1975344,0,1975344
1137794,11,False,ProgressiveWideningSolver,50000,500,0.9998,2167925,0,2167925
1137795,24,True,DPWSolver,50000,500,0.998,1974268,0,1974268
1137796,28,False,DPWSolver,50000,500,0.998,2151899,0,2151899
1137797,260,True,NAIVE,50000,500,0.998,1908252,0,1908252
1137798,331,False,NAIVE,50000,500,0.998,1955266,0,1955266
1137799,8,True,ProgressiveWideningSolver,50000,500,0.998,2052529,0,2052529
1137800,10,False,ProgressiveWideningSolver,50000,500,0.998,2066774,0,2066774
1137801,45,True,DPWSolver,50000,1000,0.9998,1949594,0,1949594
1137802,57,False,DPWSolver,50000,1000,0.9998,2098440,0,2098440
1137803,413,True,NAIVE,50000,1000,0.9998,1924656,0,1924656
1137804,536,False,NAIVE,50000,1000,0.9998,1951223,0,1951223
1137805,19,True,ProgressiveWideningSolver,50000,1000,0.9998,2001424,0,2001424
1137806,22,False,ProgressiveWideningSolver,50000,1000,0.9998,2203776,0,2203776
1137807,49,True,DPWSolver,50000,1000,0.998,1982466,0,1982466
1137808,58,False,DPWSolver,50000,1000,0.998,2147506,0,2147506
1137809,408,True,NAIVE,50000,1000,0.998,1874456,0,1874456
1137810,548,False,NAIVE,50000,1000,0.998,2005690,0,2005690
1137811,18,True,ProgressiveWideningSolver,50000,1000,0.998,1958066,0,1958066
1137812,22,False,ProgressiveWideningSolver,50000,1000,0.998,2137148,0,2137148
1137813,99,True,DPWSolver,50000,2000,0.9998,1929842,0,1929842
1137814,122,False,DPWSolver,50000,2000,0.9998,2107483,0,2107483
1137815,608,True,NAIVE,50000,2000,0.9998,1938075,0,1938075
1137816,828,False,NAIVE,50000,2000,0.9998,1962635,0,1962635
1137817,34,True,ProgressiveWideningSolver,50000,2000,0.9998,2036993,0,2036993
1137818,44,False,ProgressiveWideningSolver,50000,2000,0.9998,2213738,0,2213738
1137819,101,True,DPWSolver,50000,2000,0.998,1973402,0,1973402
1137820,117,False,DPWSolver,50000,2000,0.998,2153168,0,2153168
1137821,544,True,NAIVE,50000,2000,0.998,1892419,0,1892419
1137822,790,False,NAIVE,50000,2000,0.998,2000494,0,2000494
1137823,36,True,ProgressiveWideningSolver,50000,2000,0.998,1909083,0,1909083
1137824,42,False,ProgressiveWideningSolver,50000,2000,0.998,2041144,0,2041144
1137825,280,True,DPWSolver,50000,5000,0.9998,1975555,0,1975555
1137826,320,False,DPWSolver,50000,5000,0.9998,2115505,0,2115505
1137827,869,True,NAIVE,50000,5000,0.9998,1877641,0,1877641
5114101,3,True,DPWSolver,100,50,0.9998,2043230,0,2043230
5114102,3,False,DPWSolver,100,50,0.9998,2234167,0,2234167
5114103,19,True,NAIVE,100,50,0.9998,2061123,0,2061123
5114104,25,False,NAIVE,100,50,0.9998,2152178,0,2152178
5114105,2,True,ProgressiveWideningSolver,100,50,0.9998,2038037,0,2038037
5114106,2,False,ProgressiveWideningSolver,100,50,0.9998,2251439,0,2251439
5114107,3,True,DPWSolver,100,50,0.998,2041940,0,2041940
5114108,3,False,DPWSolver,100,50,0.998,2136454,0,2136454
5114109,20,True,NAIVE,100,50,0.998,1995484,0,1995484
5114110,25,False,NAIVE,100,50,0.998,2213088,0,2213088
5114111,2,True,ProgressiveWideningSolver,100,50,0.998,2103573,0,2103573
5114112,2,False,ProgressiveWideningSolver,100,50,0.998,2228479,0,2228479
5114113,5,True,DPWSolver,100,100,0.9998,2052867,0,2052867
5114114,6,False,DPWSolver,100,100,0.9998,2148951,0,2148951
5114115,50,True,NAIVE,100,100,0.9998,1936356,0,1936356
5114116,60,False,NAIVE,100,100,0.9998,2094055,0,2094055
5114117,4,True,ProgressiveWideningSolver,100,100,0.9998,2011035,0,2011035
5114118,4,False,ProgressiveWideningSolver,100,100,0.9998,2188516,0,2188516
5114119,6,True,DPWSolver,100,100,0.998,2051870,0,2051870
5114120,6,False,DPWSolver,100,100,0.998,2108772,0,2108772
5114121,56,True,NAIVE,100,100,0.998,1967990,0,1967990
5114122,73,False,NAIVE,100,100,0.998,1995778,0,1995778
5114123,4,True,ProgressiveWideningSolver,100,100,0.998,2008080,0,2008080
5114124,5,False,ProgressiveWideningSolver,100,100,0.998,2150142,0,2150142
5114125,12,True,DPWSolver,100,200,0.9998,1952613,0,1952613
5114126,13,False,DPWSolver,100,200,0.9998,2167561,0,2167561
5114127,160,True,NAIVE,100,200,0.9998,1998009,0,1998009
5114128,202,False,NAIVE,100,200,0.9998,2087842,0,2087842
5114129,7,True,ProgressiveWideningSolver,100,200,0.9998,1981021,0,1981021
5114130,8,False,ProgressiveWideningSolver,100,200,0.9998,2150072,0,2150072
5114131,13,True,DPWSolver,100,200,0.998,2035653,0,2035653
5114132,14,False,DPWSolver,100,200,0.998,2157420,0,2157420
5114133,147,True,NAIVE,100,200,0.998,1982420,0,1982420
5114134,174,False,NAIVE,100,200,0.998,2208424,0,2208424
5114135,6,True,ProgressiveWideningSolver,100,200,0.998,2040737,0,2040737
5114136,8,False,ProgressiveWideningSolver,100,200,0.998,2117421,0,2117421
5114137,32,True,DPWSolver,100,500,0.9998,1868222,0,1868222
5114138,34,False,DPWSolver,100,500,0.9998,2079687,0,2079687
5114139,281,True,NAIVE,100,500,0.9998,1929095,0,1929095
5114140,397,False,NAIVE,100,500,0.9998,2009904,0,2009904
5114141,9,True,ProgressiveWideningSolver,100,500,0.9998,1987218,0,1987218
5114142,11,False,ProgressiveWideningSolver,100,500,0.9998,2173795,0,2173795
5114143,24,True,DPWSolver,100,500,0.998,2033113,0,2033113
5114144,28,False,DPWSolver,100,500,0.998,2107505,0,2107505
5114145,236,True,NAIVE,100,500,0.998,1972140,0,1972140
5114146,333,False,NAIVE,100,500,0.998,2041950,0,2041950
5114147,9,True,ProgressiveWideningSolver,100,500,0.998,2004467,0,2004467
5114148,11,False,ProgressiveWideningSolver,100,500,0.998,2175086,0,2175086
5114149,46,True,DPWSolver,100,1000,0.9998,1950933,0,1950933
5114150,54,False,DPWSolver,100,1000,0.9998,2157509,0,2157509
5114151,404,True,NAIVE,100,1000,0.9998,1920125,0,1920125
5114152,523,False,NAIVE,100,1000,0.9998,2101605,0,2101605
5114153,16,True,ProgressiveWideningSolver,100,1000,0.9998,2042932,0,2042932
5114154,21,False,ProgressiveWideningSolver,100,1000,0.9998,2113282,0,2113282
5114155,50,True,DPWSolver,100,1000,0.998,1971823,0,1971823
5114156,51,False,DPWSolver,100,1000,0.998,2131405,0,2131405
5114157,404,True,NAIVE,100,1000,0.998,1906986,0,1906986
5114158,510,False,NAIVE,100,1000,0.998,1994429,0,1994429
5114159,18,True,ProgressiveWideningSolver,100,1000,0.998,2034143,0,2034143
5114160,21,False,ProgressiveWideningSolver,100,1000,0.998,2148619,0,2148619
5114161,99,True,DPWSolver,100,2000,0.9998,2012813,0,2012813
5114162,117,False,DPWSolver,100,2000,0.9998,2096772,0,2096772
5114163,560,True,NAIVE,100,2000,0.9998,1851752,0,1851752
5114164,723,False,NAIVE,100,2000,0.9998,1981700,0,1981700
5114165,36,True,ProgressiveWideningSolver,100,2000,0.9998,2058376,0,2058376
5114166,40,False,ProgressiveWideningSolver,100,2000,0.9998,2109018,0,2109018
5114167,104,True,DPWSolver,100,2000,0.998,1993624,0,1993624
5114168,115,False,DPWSolver,100,2000,0.998,2107049,0,2107049
5114169,578,True,NAIVE,100,2000,0.998,1913574,0,1913574
5114170,761,False,NAIVE,100,2000,0.998,2024115,0,2024115
5114171,32,True,ProgressiveWideningSolver,100,2000,0.998,1961238,0,1961238
5114172,39,False,ProgressiveWideningSolver,100,2000,0.998,2160510,0,2160510
5114173,273,True,DPWSolver,100,5000,0.9998,1997055,0,1997055
5114174,320,False,DPWSolver,100,5000,0.9998,2200180,0,2200180
5114175,791,True,NAIVE,100,5000,0.9998,1950780,0,1950780
5114176,1092,False,NAIVE,100,5000,0.9998,2000018,0,2000018
5114177,112,True,ProgressiveWideningSolver,100,5000,0.9998,1938861,0,1938861
5114178,128,False,ProgressiveWideningSolver,100,5000,0.9998,2100730,0,2100730
5114179,272,True,DPWSolver,100,5000,0.998,2015527,0,2015527
5114180,311,False,DPWSolver,100,5000,0.998,2138110,0,2138110
5114181,804,True,NAIVE,100,5000,0.998,1882637,0,1882637
5114182,1064,False,NAIVE,100,5000,0.998,1972491,0,1972491
5114183,110,True,ProgressiveWideningSolver,100,5000,0.998,2013385,0,2013385
5114184,132,False,ProgressiveWideningSolver,100,5000,0.998,2216395,0,2216395
5114185,3,True,DPWSolver,1000,50,0.9998,1934714,0,1934714
5114186,3,False,DPWSolver,1000,50,0.9998,2322115,0,2322115
5114187,22,True,NAIVE,1000,50,0.9998,2037570,0,2037570
5114188,28,False,NAIVE,1000,50,0.9998,2202530,0,2202530
5114189,2,True,ProgressiveWideningSolver,1000,50,0.9998,2060312,0,2060312
5114190,3,False,ProgressiveWideningSolver,1000,50,0.9998,2123642,0,2123642
5114191,3,True,DPWSolver,1000,50,0.998,1996725,0,1996725
5114192,3,False,DPWSolver,1000,50,0.998,2162811,0,2162811
5114193,22,True,NAIVE,1000,50,0.998,2022162,0,2022162
5114194,25,False,NAIVE,1000,50,0.998,2199733,0,2199733
5114195,2,True,ProgressiveWideningSolver,1000,50,0.998,2058508,0,2058508
5114196,2,False,ProgressiveWideningSolver,1000,50,0.998,2287360,0,2287360
5114197,5,True,DPWSolver,1000,100,0.9998,2004790,0,2004790
5114198,5,False,DPWSolver,1000,100,0.9998,2257523,0,2257523
5114199,54,True,NAIVE,1000,100,0.9998,1979231,0,1979231
5114200,63,False,NAIVE,1000,100,0.9998,2148497,0,2148497
5114201,3,True,ProgressiveWideningSolver,1000,100,0.9998,2011310,0,2011310
5114202,4,False,ProgressiveWideningSolver,1000,100,0.9998,2230488,0,2230488
5114203,5,True,DPWSolver,1000,100,0.998,2073212,0,2073212
5114204,5,False,DPWSolver,1000,100,0.998,2064601,0,2064601
5114205,56,True,NAIVE,1000,100,0.998,1935555,0,1935555
5114206,66,False,NAIVE,1000,100,0.998,2068612,0,2068612
5114207,3,True,ProgressiveWideningSolver,1000,100,0.998,2000771,0,2000771
5114208,3,False,ProgressiveWideningSolver,1000,100,0.998,2184355,0,2184355
5114209,9,True,DPWSolver,1000,200,0.9998,1992933,0,1992933
5114210,10,False,DPWSolver,1000,200,0.9998,2137842,0,2137842
5114211,123,True,NAIVE,1000,200,0.9998,2070698,0,2070698
5114212,151,False,NAIVE,1000,200,0.9998,2164929,0,2164929
5114213,5,True,ProgressiveWideningSolver,1000,200,0.9998,2004496,0,2004496
5114214,5,False,ProgressiveWideningSolver,1000,200,0.9998,2131037,0,2131037
5114215,9,True,DPWSolver,1000,200,0.998,1968904,0,1968904
5114216,11,False,DPWSolver,1000,200,0.998,2169665,0,2169665
5114217,123,True,NAIVE,1000,200,0.998,2044852,0,2044852
5114218,147,False,NAIVE,1000,200,0.998,2155875,0,2155875
5114219,5,True,ProgressiveWideningSolver,1000,200,0.998,1986617,0,1986617
5114220,6,False,ProgressiveWideningSolver,1000,200,0.998,2213408,0,2213408
5114221,24,True,DPWSolver,1000,500,0.9998,2023305,0,2023305
5114222,25,False,DPWSolver,1000,500,0.9998,2120200,0,2120200
5114223,255,True,NAIVE,1000,500,0.9998,1985924,0,1985924
5114224,340,False,NAIVE,1000,500,0.9998,2037403,0,2037403
5114225,9,True,ProgressiveWideningSolver,1000,500,0.9998,2001574,0,2001574
5114226,10,False,ProgressiveWideningSolver,1000,500,0.9998,2249963,0,2249963
5114227,23,True,DPWSolver,1000,500,0.998,1972467,0,1972467
5114228,28,False,DPWSolver,1000,500,0.998,2250193,0,2250193
5114229,260,True,NAIVE,1000,500,0.998,1950196,0,1950196
5114230,323,False,NAIVE,1000,500,0.998,2053592,0,2053592
5114231,9,True,ProgressiveWideningSolver,1000,500,0.998,2045804,0,2045804
5114232,12,False,ProgressiveWideningSolver,1000,500,0.998,2162261,0,2162261
5114233,46,True,DPWSolver,1000,1000,0.9998,1928474,0,1928474
5114234,54,False,DPWSolver,1000,1000,0.9998,2121917,0,2121917
5114235,417,True,NAIVE,1000,1000,0.9998,1909449,0,1909449
5114236,539,False,NAIVE,1000,1000,0.9998,1985392,0,1985392
5114237,18,True,ProgressiveWideningSolver,1000,1000,0.9998,2009508,0,2009508
5114238,21,False,ProgressiveWideningSolver,1000,1000,0.9998,2209450,0,2209450
5114239,45,True,DPWSolver,1000,1000,0.998,1984923,0,1984923
5114240,57,False,DPWSolver,1000,1000,0.998,2143843,0,2143843
5114241,405,True,NAIVE,1000,1000,0.998,1911964,0,1911964
5114242,515,False,NAIVE,1000,1000,0.998,2006358,0,2006358
5114243,16,True,ProgressiveWideningSolver,1000,1000,0.998,1960351,0,1960351
5114244,20,False,ProgressiveWideningSolver,1000,1000,0.998,2201402,0,2201402
5114245,102,True,DPWSolver,1000,2000,0.9998,1984468,0,1984468
5114246,116,False,DPWSolver,1000,2000,0.9998,2069461,0,2069461
5114247,562,True,NAIVE,1000,2000,0.9998,1894790,0,1894790
5114248,759,False,NAIVE,1000,2000,0.9998,1983735,0,1983735
5114249,33,True,ProgressiveWideningSolver,1000,2000,0.9998,1876378,0,1876378
5114250,39,False,ProgressiveWideningSolver,1000,2000,0.9998,2277144,0,2277144
5114251,103,True,DPWSolver,1000,2000,0.998,1977408,0,1977408
5114252,117,False,DPWSolver,1000,2000,0.998,2159891,0,2159891
5114253,546,True,NAIVE,1000,2000,0.998,1949283,0,1949283
5114254,766,False,NAIVE,1000,2000,0.998,1974693,0,1974693
5114255,34,True,ProgressiveWideningSolver,1000,2000,0.998,1998583,0,1998583
5114256,38,False,ProgressiveWideningSolver,1000,2000,0.998,2129691,0,2129691
5114257,278,True,DPWSolver,1000,5000,0.9998,1951115,0,1951115
5114258,315,False,DPWSolver,1000,5000,0.9998,2142335,0,2142335
5114259,856,True,NAIVE,1000,5000,0.9998,1919550,0,1919550
5114260,1071,False,NAIVE,1000,5000,0.9998,2062609,0,2062609
5114261,110,True,ProgressiveWideningSolver,1000,5000,0.9998,1958670,0,1958670
5114262,131,False,ProgressiveWideningSolver,1000,5000,0.9998,2196346,0,2196346
5114263,270,True,DPWSolver,1000,5000,0.998,1955576,0,1955576
5114264,311,False,DPWSolver,1000,5000,0.998,2143046,0,2143046
5114265,832,True,NAIVE,1000,5000,0.998,1897364,0,1897364
5114266,1093,False,NAIVE,1000,5000,0.998,1990872,0,1990872
5114267,113,True,ProgressiveWideningSolver,1000,5000,0.998,1981693,0,1981693
5114268,134,False,ProgressiveWideningSolver,1000,5000,0.998,2161507,0,2161507
5114269,3,True,DPWSolver,10000,50,0.9998,2000521,0,2000521
5114270,3,False,DPWSolver,10000,50,0.9998,2238249,0,2238249
5114271,20,True,NAIVE,10000,50,0.9998,1964886,0,1964886
5114272,27,False,NAIVE,10000,50,0.9998,2133312,0,2133312
5114273,2,True,ProgressiveWideningSolver,10000,50,0.9998,2123895,0,2123895
5114274,3,False,ProgressiveWideningSolver,10000,50,0.9998,2236842,0,2236842
5114275,3,True,DPWSolver,10000,50,0.998,2046223,0,2046223
5114276,3,False,DPWSolver,10000,50,0.998,2224422,0,2224422
5114277,23,True,NAIVE,10000,50,0.998,2030442,0,2030442
5114278,26,False,NAIVE,10000,50,0.998,2212791,0,2212791
5114279,2,True,ProgressiveWideningSolver,10000,50,0.998,2061110,0,2061110
5114280,2,False,ProgressiveWideningSolver,10000,50,0.998,2303562,0,2303562
5114281,5,True,DPWSolver,10000,100,0.9998,2026635,0,2026635
5114282,5,False,DPWSolver,10000,100,0.9998,2114853,0,2114853
5114283,50,True,NAIVE,10000,100,0.9998,1927173,0,1927173
5114284,69,False,NAIVE,10000,100,0.9998,2148691,0,2148691
5114285,3,True,ProgressiveWideningSolver,10000,100,0.9998,1991721,0,1991721
5114286,3,False,ProgressiveWideningSolver,10000,100,0.9998,2195897,0,2195897
5114287,5,True,DPWSolver,10000,100,0.998,1916009,0,1916009
5114288,5,False,DPWSolver,10000,100,0.998,2112251,0,2112251
5114289,53,True,NAIVE,10000,100,0.998,1933160,0,1933160
5114290,67,False,NAIVE,10000,100,0.998,2065752,0,2065752
5114291,3,True,ProgressiveWideningSolver,10000,100,0.998,1987171,0,1987171
5114292,3,False,ProgressiveWideningSolver,10000,100,0.998,2092774,0,2092774
5114293,8,True,DPWSolver,10000,200,0.9998,2037873,0,2037873
5114294,10,False,DPWSolver,10000,200,0.9998,2055769,0,2055769
5114295,120,True,NAIVE,10000,200,0.9998,2054609,0,2054609
5114296,165,False,NAIVE,10000,200,0.9998,2141790,0,2141790
5114297,5,True,ProgressiveWideningSolver,10000,200,0.9998,2038602,0,2038602
5114298,5,False,ProgressiveWideningSolver,10000,200,0.9998,2164552,0,2164552
5114299,9,True,DPWSolver,10000,200,0.998,1939228,0,1939228
5114300,11,False,DPWSolver,10000,200,0.998,2118174,0,2118174
5114301,130,True,NAIVE,10000,200,0.998,1987461,0,1987461
5114302,159,False,NAIVE,10000,200,0.998,2094369,0,2094369
5114303,5,True,ProgressiveWideningSolver,10000,200,0.998,1921596,0,1921596
5114304,6,False,ProgressiveWideningSolver,10000,200,0.998,2307083,0,2307083
5114305,24,True,DPWSolver,10000,500,0.9998,2054915,0,2054915
5114306,29,False,DPWSolver,10000,500,0.9998,2095652,0,2095652
5114307,260,True,NAIVE,10000,500,0.9998,1954628,0,1954628
5114308,325,False,NAIVE,10000,500,0.9998,2027993,0,2027993
5114309,8,True,ProgressiveWideningSolver,10000,500,0.9998,1920022,0,1920022
5114310,10,False,ProgressiveWideningSolver,10000,500,0.9998,2139389,0,2139389
5114311,23,True,DPWSolver,10000,500,0.998,2032726,0,2032726
5114312,29,False,DPWSolver,10000,500,0.998,2127696,0,2127696
5114313,259,True,NAIVE,10000,500,0.998,1952879,0,1952879
5114314,325,False,NAIVE,10000,500,0.998,2007151,0,2007151
5114315,8,True,ProgressiveWideningSolver,10000,500,0.998,1997090,0,1997090
5114316,10,False,ProgressiveWideningSolver,10000,500,0.998,2099499,0,2099499
5114317,51,True,DPWSolver,10000,1000,0.9998,2047436,0,2047436
5114318,54,False,DPWSolver,10000,1000,0.9998,2161381,0,2161381
5114319,404,True,NAIVE,10000,1000,0.9998,1919201,0,1919201
5114320,530,False,NAIVE,10000,1000,0.9998,2011210,0,2011210
5114321,17,True,ProgressiveWideningSolver,10000,1000,0.9998,2032841,0,2032841
5114322,19,False,ProgressiveWideningSolver,10000,1000,0.9998,2033476,0,2033476
5114323,50,True,DPWSolver,10000,1000,0.998,2055147,0,2055147
5114324,54,False,DPWSolver,10000,1000,0.998,2069677,0,2069677
5114325,400,True,NAIVE,10000,1000,0.998,1881377,0,1881377
5114326,520,False,NAIVE,10000,1000,0.998,2015798,0,2015798
5114327,16,True,ProgressiveWideningSolver,10000,1000,0.998,2029443,0,2029443
5114328,21,False,ProgressiveWideningSolver,10000,1000,0.998,2141329,0,2141329
5114329,102,True,DPWSolver,10000,2000,0.9998,2000154,0,2000154
5114330,117,False,DPWSolver,10000,2000,0.9998,2199930,0,2199930
5114331,578,True,NAIVE,10000,2000,0.9998,1934962,0,1934962
5114332,763,False,NAIVE,10000,2000,0.9998,1966354,0,1966354
5114333,34,True,ProgressiveWideningSolver,10000,2000,0.9998,2014239,0,2014239
5114334,39,False,ProgressiveWideningSolver,10000,2000,0.9998,2124408,0,2124408
5114335,106,True,DPWSolver,10000,2000,0.998,1956914,0,1956914
5114336,119,False,DPWSolver,10000,2000,0.998,2175009,0,2175009
5114337,575,True,NAIVE,10000,2000,0.998,1864865,0,1864865
5114338,770,False,NAIVE,10000,2000,0.998,1953475,0,1953475
5114339,37,True,ProgressiveWideningSolver,10000,2000,0.998,1948917,0,1948917
5114340,40,False,ProgressiveWideningSolver,10000,2000,0.998,2222749,0,2222749
5114341,275,True,DPWSolver,10000,5000,0.9998,1967972,0,1967972
5114342,319,False,DPWSolver,10000,5000,0.9998,2171700,0,2171700
5114343,854,True,NAIVE,10000,5000,0.9998,1873380,0,1873380
5114344,1101,False,NAIVE,10000,5000,0.9998,2009122,0,2009122
5114345,112,True,ProgressiveWideningSolver,10000,5000,0.9998,2033743,0,2033743
5114346,135,False,ProgressiveWideningSolver,10000,5000,0.9998,2189230,0,2189230
5114347,282,True,DPWSolver,10000,5000,0.998,1982190,0,1982190
5114348,360,False,DPWSolver,10000,5000,0.998,2072228,0,2072228
