Simulation number,run_time,ALGORITHM,EARLY_STOP,EXPLORATION_CONSTANT,MAX_ITERATION,EXP_CONST_DECAY,DPW_ALPHA,DPW_PROBABILISTIC,Average_Cost,Total_Time_Penalty_Cost,Total_Fuel_Cost
3497501,164,DPWSolver,True,500000,3000,0.999,0.2,True,1096449,0,1096449
3497502,358,NAIVE,True,500000,3000,0.999,0.2,True,1113290,0,1113290
3497503,76,ProgressiveWideningSolver,True,500000,3000,0.999,0.2,True,1116336,0,1116336
3497504,197,DPWSolver,True,750000,3000,0.999,0.2,True,1096437,0,1096437
3497505,423,NAIVE,True,750000,3000,0.999,0.2,True,1118585,0,1118585
3497506,87,ProgressiveWideningSolver,True,750000,3000,0.999,0.2,True,1121407,0,1121407
4956101,5,DPWSolver,False,25000,20,0.9998,0.2,True,1189278,0,1189278
4956102,6,DPWSolver,False,25000,20,0.9998,0.2,False,1190707,0,1190707
4956103,2,DPWSolver,False,25000,20,0.9998,0.4,True,1191658,0,1191658
4956104,2,DPWSolver,False,25000,20,0.9998,0.4,False,1196942,0,1196942
4956105,5,NAIVE,False,25000,20,0.9998,0.4,False,1168230,0,1168230
4956106,2,ProgressiveWideningSolver,False,25000,20,0.9998,0.2,False,1212048,0,1212048
4956107,1,ProgressiveWideningSolver,False,25000,20,0.9998,0.4,False,1211712,0,1211712
4956108,1,DPWSolver,False,25000,20,0.999,0.2,True,1191316,0,1191316
4956109,1,DPWSolver,False,25000,20,0.999,0.2,False,1169557,0,1169557
4956110,1,DPWSolver,False,25000,20,0.999,0.4,True,1208834,0,1208834
4956111,1,DPWSolver,False,25000,20,0.999,0.4,False,1193008,0,1193008
4956112,5,NAIVE,False,25000,20,0.999,0.4,False,1192107,0,1192107
4956113,1,ProgressiveWideningSolver,False,25000,20,0.999,0.2,False,1207357,0,1207357
4956114,1,ProgressiveWideningSolver,False,25000,20,0.999,0.4,False,1234117,0,1234117
4956115,3,DPWSolver,False,25000,50,0.9998,0.2,True,1147306,0,1147306
4956116,3,DPWSolver,False,25000,50,0.9998,0.2,False,1132035,0,1132035
4956117,3,DPWSolver,False,25000,50,0.9998,0.4,True,1163840,0,1163840
4956118,3,DPWSolver,False,25000,50,0.9998,0.4,False,1131939,0,1131939
4956119,11,NAIVE,False,25000,50,0.9998,0.4,False,1153841,0,1153841
4956120,1,ProgressiveWideningSolver,False,25000,50,0.9998,0.2,False,1206200,0,1206200
4956121,2,ProgressiveWideningSolver,False,25000,50,0.9998,0.4,False,1169210,0,1169210
4956122,3,DPWSolver,False,25000,50,0.999,0.2,True,1147524,0,1147524
4956123,3,DPWSolver,False,25000,50,0.999,0.2,False,1183845,0,1183845
4956124,3,DPWSolver,False,25000,50,0.999,0.4,True,1192462,0,1192462
4956125,3,DPWSolver,False,25000,50,0.999,0.4,False,1176604,0,1176604
4956126,11,NAIVE,False,25000,50,0.999,0.4,False,1204659,0,1204659
4956127,1,ProgressiveWideningSolver,False,25000,50,0.999,0.2,False,1183483,0,1183483
4956128,2,ProgressiveWideningSolver,False,25000,50,0.999,0.4,False,1183231,0,1183231
4956129,5,DPWSolver,False,25000,100,0.9998,0.2,True,1134708,0,1134708
4956130,5,DPWSolver,False,25000,100,0.9998,0.2,False,1135560,0,1135560
4956131,5,DPWSolver,False,25000,100,0.9998,0.4,True,1173381,0,1173381
4956132,5,DPWSolver,False,25000,100,0.9998,0.4,False,1123418,0,1123418
4956133,20,NAIVE,False,25000,100,0.9998,0.4,False,1196638,0,1196638
4956134,3,ProgressiveWideningSolver,False,25000,100,0.9998,0.2,False,1149875,0,1149875
4956135,5,ProgressiveWideningSolver,False,25000,100,0.9998,0.4,False,1179940,0,1179940
4956136,6,DPWSolver,False,25000,100,0.999,0.2,True,1136902,0,1136902
4956137,9,DPWSolver,False,25000,100,0.999,0.2,False,1132457,0,1132457
4956138,6,DPWSolver,False,25000,100,0.999,0.4,True,1163894,0,1163894
4956139,6,DPWSolver,False,25000,100,0.999,0.4,False,1151252,0,1151252
4956140,21,NAIVE,False,25000,100,0.999,0.4,False,1162440,0,1162440
4956141,3,ProgressiveWideningSolver,False,25000,100,0.999,0.2,False,1149321,0,1149321
4956142,4,ProgressiveWideningSolver,False,25000,100,0.999,0.4,False,1140240,0,1140240
4956143,9,DPWSolver,False,25000,200,0.9998,0.2,True,1140511,0,1140511
4956144,9,DPWSolver,False,25000,200,0.9998,0.2,False,1111773,0,1111773
4956145,11,DPWSolver,False,25000,200,0.9998,0.4,True,1139201,0,1139201
4956146,13,DPWSolver,False,25000,200,0.9998,0.4,False,1144621,0,1144621
4956147,39,NAIVE,False,25000,200,0.9998,0.4,False,1150152,0,1150152
4956148,11,ProgressiveWideningSolver,False,25000,200,0.9998,0.2,False,1144667,0,1144667
4956149,26,ProgressiveWideningSolver,False,25000,200,0.9998,0.4,False,1151359,0,1151359
4956150,23,DPWSolver,False,25000,200,0.999,0.2,True,1119848,0,1119848
4956151,18,DPWSolver,False,25000,200,0.999,0.2,False,1116484,0,1116484
4956152,16,DPWSolver,False,25000,200,0.999,0.4,True,1156569,0,1156569
4956153,16,DPWSolver,False,25000,200,0.999,0.4,False,1155152,0,1155152
4956154,58,NAIVE,False,25000,200,0.999,0.4,False,1115591,0,1115591
4956155,9,ProgressiveWideningSolver,False,25000,200,0.999,0.2,False,1174512,0,1174512
4956156,16,ProgressiveWideningSolver,False,25000,200,0.999,0.4,False,1154902,0,1154902
4956157,30,DPWSolver,False,25000,500,0.9998,0.2,True,1102253,0,1102253
4956158,28,DPWSolver,False,25000,500,0.9998,0.2,False,1108675,0,1108675
4956159,41,DPWSolver,False,25000,500,0.9998,0.4,True,1117093,0,1117093
4956160,40,DPWSolver,False,25000,500,0.9998,0.4,False,1114412,0,1114412
4956161,86,NAIVE,False,25000,500,0.9998,0.4,False,1118786,0,1118786
4956162,11,ProgressiveWideningSolver,False,25000,500,0.9998,0.2,False,1157283,0,1157283
4956163,27,ProgressiveWideningSolver,False,25000,500,0.9998,0.4,False,1145452,0,1145452
4956164,29,DPWSolver,False,25000,500,0.999,0.2,True,1113137,0,1113137
4956165,29,DPWSolver,False,25000,500,0.999,0.2,False,1123759,0,1123759
4956166,40,DPWSolver,False,25000,500,0.999,0.4,True,1098104,0,1098104
4956167,41,DPWSolver,False,25000,500,0.999,0.4,False,1112346,0,1112346
4956168,89,NAIVE,False,25000,500,0.999,0.4,False,1109079,0,1109079
4956169,11,ProgressiveWideningSolver,False,25000,500,0.999,0.2,False,1157840,0,1157840
4956170,27,ProgressiveWideningSolver,False,25000,500,0.999,0.4,False,1102532,0,1102532
4956171,59,DPWSolver,False,25000,1000,0.9998,0.2,True,1102309,0,1102309
4956172,61,DPWSolver,False,25000,1000,0.9998,0.2,False,1108412,0,1108412
4956173,84,DPWSolver,False,25000,1000,0.9998,0.4,True,1115314,0,1115314
4956174,82,DPWSolver,False,25000,1000,0.9998,0.4,False,1107555,0,1107555
4956175,104,NAIVE,False,25000,1000,0.9998,0.4,False,1111899,0,1111899
4956176,15,ProgressiveWideningSolver,False,25000,1000,0.9998,0.2,False,1186269,0,1186269
4956177,37,ProgressiveWideningSolver,False,25000,1000,0.9998,0.4,False,1140743,0,1140743
4956178,46,DPWSolver,False,25000,1000,0.999,0.2,True,1109908,0,1109908
4956179,46,DPWSolver,False,25000,1000,0.999,0.2,False,1125897,0,1125897
4956180,64,DPWSolver,False,25000,1000,0.999,0.4,True,1124952,0,1124952
4956181,65,DPWSolver,False,25000,1000,0.999,0.4,False,1129519,0,1129519
4956182,102,NAIVE,False,25000,1000,0.999,0.4,False,1126304,0,1126304
4956183,14,ProgressiveWideningSolver,False,25000,1000,0.999,0.2,False,1152760,0,1152760
4956184,44,ProgressiveWideningSolver,False,25000,1000,0.999,0.4,False,1149965,0,1149965
4956185,2,DPWSolver,False,50000,20,0.9998,0.2,True,1170298,0,1170298
4956186,2,DPWSolver,False,50000,20,0.9998,0.2,False,1194794,0,1194794
4956187,2,DPWSolver,False,50000,20,0.9998,0.4,True,1187227,0,1187227
4956188,2,DPWSolver,False,50000,20,0.9998,0.4,False,1215712,0,1215712
4956189,5,NAIVE,False,50000,20,0.9998,0.4,False,1183327,0,1183327
4956190,1,ProgressiveWideningSolver,False,50000,20,0.9998,0.2,False,1198334,0,1198334
4956191,1,ProgressiveWideningSolver,False,50000,20,0.9998,0.4,False,1199790,0,1199790
4956192,2,DPWSolver,False,50000,20,0.999,0.2,True,1185083,0,1185083
4956193,2,DPWSolver,False,50000,20,0.999,0.2,False,1225897,0,1225897
4956194,2,DPWSolver,False,50000,20,0.999,0.4,True,1187283,0,1187283
4956195,2,DPWSolver,False,50000,20,0.999,0.4,False,1187345,0,1187345
4956196,5,NAIVE,False,50000,20,0.999,0.4,False,1229090,0,1229090
4956197,1,ProgressiveWideningSolver,False,50000,20,0.999,0.2,False,1195554,0,1195554
4956198,1,ProgressiveWideningSolver,False,50000,20,0.999,0.4,False,1162332,0,1162332
4956199,3,DPWSolver,False,50000,50,0.9998,0.2,True,1160499,0,1160499
4956200,3,DPWSolver,False,50000,50,0.9998,0.2,False,1161031,0,1161031
4956201,3,DPWSolver,False,50000,50,0.9998,0.4,True,1143593,0,1143593
4956202,3,DPWSolver,False,50000,50,0.9998,0.4,False,1149539,0,1149539
4956203,12,NAIVE,False,50000,50,0.9998,0.4,False,1146672,0,1146672
4956204,2,ProgressiveWideningSolver,False,50000,50,0.9998,0.2,False,1176499,0,1176499
4956205,2,ProgressiveWideningSolver,False,50000,50,0.9998,0.4,False,1165509,0,1165509
4956206,3,DPWSolver,False,50000,50,0.999,0.2,True,1172742,0,1172742
4956207,3,DPWSolver,False,50000,50,0.999,0.2,False,1184704,0,1184704
4956208,3,DPWSolver,False,50000,50,0.999,0.4,True,1166288,0,1166288
4956209,3,DPWSolver,False,50000,50,0.999,0.4,False,1149685,0,1149685
4956210,12,NAIVE,False,50000,50,0.999,0.4,False,1207883,0,1207883
4956211,2,ProgressiveWideningSolver,False,50000,50,0.999,0.2,False,1180511,0,1180511
4956212,2,ProgressiveWideningSolver,False,50000,50,0.999,0.4,False,1199651,0,1199651
4956213,6,DPWSolver,False,50000,100,0.9998,0.2,True,1164645,0,1164645
4956214,6,DPWSolver,False,50000,100,0.9998,0.2,False,1135173,0,1135173
4956215,6,DPWSolver,False,50000,100,0.9998,0.4,True,1156592,0,1156592
4956216,6,DPWSolver,False,50000,100,0.9998,0.4,False,1126569,0,1126569
4956217,23,NAIVE,False,50000,100,0.9998,0.4,False,1179742,0,1179742
4956218,3,ProgressiveWideningSolver,False,50000,100,0.9998,0.2,False,1140550,0,1140550
4956219,5,ProgressiveWideningSolver,False,50000,100,0.9998,0.4,False,1119058,0,1119058
4956220,6,DPWSolver,False,50000,100,0.999,0.2,True,1106070,0,1106070
4956221,5,DPWSolver,False,50000,100,0.999,0.2,False,1130797,0,1130797
4956222,6,DPWSolver,False,50000,100,0.999,0.4,True,1139510,0,1139510
4956223,5,DPWSolver,False,50000,100,0.999,0.4,False,1140900,0,1140900
4956224,23,NAIVE,False,50000,100,0.999,0.4,False,1176316,0,1176316
4956225,3,ProgressiveWideningSolver,False,50000,100,0.999,0.2,False,1130264,0,1130264
4956226,5,ProgressiveWideningSolver,False,50000,100,0.999,0.4,False,1184943,0,1184943
4956227,11,DPWSolver,False,50000,200,0.9998,0.2,True,1102701,0,1102701
4956228,11,DPWSolver,False,50000,200,0.9998,0.2,False,1108560,0,1108560
4956229,12,DPWSolver,False,50000,200,0.9998,0.4,True,1140400,0,1140400
4956230,11,DPWSolver,False,50000,200,0.9998,0.4,False,1143104,0,1143104
4956231,37,NAIVE,False,50000,200,0.9998,0.4,False,1157877,0,1157877
4956232,5,ProgressiveWideningSolver,False,50000,200,0.9998,0.2,False,1137055,0,1137055
4956233,10,ProgressiveWideningSolver,False,50000,200,0.9998,0.4,False,1147758,0,1147758
4956234,11,DPWSolver,False,50000,200,0.999,0.2,True,1122301,0,1122301
4956235,11,DPWSolver,False,50000,200,0.999,0.2,False,1122522,0,1122522
4956236,12,DPWSolver,False,50000,200,0.999,0.4,True,1145276,0,1145276
4956237,12,DPWSolver,False,50000,200,0.999,0.4,False,1136733,0,1136733
4956238,37,NAIVE,False,50000,200,0.999,0.4,False,1146074,0,1146074
4956239,5,ProgressiveWideningSolver,False,50000,200,0.999,0.2,False,1148916,0,1148916
4956240,9,ProgressiveWideningSolver,False,50000,200,0.999,0.4,False,1129764,0,1129764
4956241,23,DPWSolver,False,50000,500,0.9998,0.2,True,1094829,0,1094829
4956242,23,DPWSolver,False,50000,500,0.9998,0.2,False,1115831,0,1115831
4956243,34,DPWSolver,False,50000,500,0.9998,0.4,True,1130987,0,1130987
4956244,37,DPWSolver,False,50000,500,0.9998,0.4,False,1107661,0,1107661
4956245,81,NAIVE,False,50000,500,0.9998,0.4,False,1139041,0,1139041
4956246,9,ProgressiveWideningSolver,False,50000,500,0.9998,0.2,False,1160815,0,1160815
4956247,26,ProgressiveWideningSolver,False,50000,500,0.9998,0.4,False,1134019,0,1134019
4956248,27,DPWSolver,False,50000,500,0.999,0.2,True,1129726,0,1129726
4956249,26,DPWSolver,False,50000,500,0.999,0.2,False,1122099,0,1122099
4956250,37,DPWSolver,False,50000,500,0.999,0.4,True,1109232,0,1109232
4956251,37,DPWSolver,False,50000,500,0.999,0.4,False,1110957,0,1110957
4956252,80,NAIVE,False,50000,500,0.999,0.4,False,1126893,0,1126893
4956253,9,ProgressiveWideningSolver,False,50000,500,0.999,0.2,False,1167564,0,1167564
4956254,25,ProgressiveWideningSolver,False,50000,500,0.999,0.4,False,1126731,0,1126731
4956255,52,DPWSolver,False,50000,1000,0.9998,0.2,True,1115681,0,1115681
4956256,52,DPWSolver,False,50000,1000,0.9998,0.2,False,1121885,0,1121885
4956257,74,DPWSolver,False,50000,1000,0.9998,0.4,True,1128939,0,1128939
4956258,74,DPWSolver,False,50000,1000,0.9998,0.4,False,1118729,0,1118729
4956259,126,NAIVE,False,50000,1000,0.9998,0.4,False,1118952,0,1118952
4956260,17,ProgressiveWideningSolver,False,50000,1000,0.9998,0.2,False,1141706,0,1141706
4956261,42,ProgressiveWideningSolver,False,50000,1000,0.9998,0.4,False,1110907,0,1110907
4956262,52,DPWSolver,False,50000,1000,0.999,0.2,True,1117544,0,1117544
4956263,52,DPWSolver,False,50000,1000,0.999,0.2,False,1121137,0,1121137
4956264,72,DPWSolver,False,50000,1000,0.999,0.4,True,1114949,0,1114949
4956265,73,DPWSolver,False,50000,1000,0.999,0.4,False,1123248,0,1123248
4956266,111,NAIVE,False,50000,1000,0.999,0.4,False,1129548,0,1129548
4956267,16,ProgressiveWideningSolver,False,50000,1000,0.999,0.2,False,1169416,0,1169416
4956268,41,ProgressiveWideningSolver,False,50000,1000,0.999,0.4,False,1133422,0,1133422
4956269,2,DPWSolver,False,100000,20,0.9998,0.2,True,1199862,0,1199862
4956270,2,DPWSolver,False,100000,20,0.9998,0.2,False,1200498,0,1200498
4956271,2,DPWSolver,False,100000,20,0.9998,0.4,True,1195370,0,1195370
4956272,2,DPWSolver,False,100000,20,0.9998,0.4,False,1182794,0,1182794
4956273,6,NAIVE,False,100000,20,0.9998,0.4,False,1196835,0,1196835
4956274,1,ProgressiveWideningSolver,False,100000,20,0.9998,0.2,False,1228679,0,1228679
4956275,2,ProgressiveWideningSolver,False,100000,20,0.9998,0.4,False,1220319,0,1220319
4956276,2,DPWSolver,False,100000,20,0.999,0.2,True,1153259,0,1153259
4956277,2,DPWSolver,False,100000,20,0.999,0.2,False,1196680,0,1196680
4956278,2,DPWSolver,False,100000,20,0.999,0.4,True,1222728,0,1222728
4956279,2,DPWSolver,False,100000,20,0.999,0.4,False,1163380,0,1163380
4956280,5,NAIVE,False,100000,20,0.999,0.4,False,1179570,0,1179570
4956281,1,ProgressiveWideningSolver,False,100000,20,0.999,0.2,False,1206684,0,1206684
4956282,1,ProgressiveWideningSolver,False,100000,20,0.999,0.4,False,1196814,0,1196814
4956283,3,DPWSolver,False,100000,50,0.9998,0.2,True,1169624,0,1169624
4956284,3,DPWSolver,False,100000,50,0.9998,0.2,False,1116987,0,1116987
4956285,3,DPWSolver,False,100000,50,0.9998,0.4,True,1170920,0,1170920
4956286,3,DPWSolver,False,100000,50,0.9998,0.4,False,1147387,0,1147387
4956287,12,NAIVE,False,100000,50,0.9998,0.4,False,1196343,0,1196343
4956288,3,ProgressiveWideningSolver,False,100000,50,0.9998,0.2,False,1160824,0,1160824
4956289,3,ProgressiveWideningSolver,False,100000,50,0.9998,0.4,False,1172727,0,1172727
4956290,3,DPWSolver,False,100000,50,0.999,0.2,True,1157468,0,1157468
4956291,3,DPWSolver,False,100000,50,0.999,0.2,False,1139440,0,1139440
4956292,4,DPWSolver,False,100000,50,0.999,0.4,True,1158191,0,1158191
4956293,4,DPWSolver,False,100000,50,0.999,0.4,False,1168811,0,1168811
4956294,13,NAIVE,False,100000,50,0.999,0.4,False,1189957,0,1189957
4956295,3,ProgressiveWideningSolver,False,100000,50,0.999,0.2,False,1138682,0,1138682
4956296,3,ProgressiveWideningSolver,False,100000,50,0.999,0.4,False,1137314,0,1137314
4956297,8,DPWSolver,False,100000,100,0.9998,0.2,True,1132593,0,1132593
4956298,7,DPWSolver,False,100000,100,0.9998,0.2,False,1132272,0,1132272
4956299,6,DPWSolver,False,100000,100,0.9998,0.4,True,1168793,0,1168793
4956300,9,DPWSolver,False,100000,100,0.9998,0.4,False,1120224,0,1120224
4956301,26,NAIVE,False,100000,100,0.9998,0.4,False,1169850,0,1169850
4956302,4,ProgressiveWideningSolver,False,100000,100,0.9998,0.2,False,1142698,0,1142698
4956303,6,ProgressiveWideningSolver,False,100000,100,0.9998,0.4,False,1150475,0,1150475
4956304,6,DPWSolver,False,100000,100,0.999,0.2,True,1126562,0,1126562
4956305,6,DPWSolver,False,100000,100,0.999,0.2,False,1143206,0,1143206
4956306,6,DPWSolver,False,100000,100,0.999,0.4,True,1146546,0,1146546
4956307,6,DPWSolver,False,100000,100,0.999,0.4,False,1134303,0,1134303
4956308,26,NAIVE,False,100000,100,0.999,0.4,False,1169434,0,1169434
4956309,4,ProgressiveWideningSolver,False,100000,100,0.999,0.2,False,1144215,0,1144215
4956310,5,ProgressiveWideningSolver,False,100000,100,0.999,0.4,False,1160637,0,1160637
4956311,11,DPWSolver,False,100000,200,0.9998,0.2,True,1122778,0,1122778
4956312,11,DPWSolver,False,100000,200,0.9998,0.2,False,1110218,0,1110218
4956313,13,DPWSolver,False,100000,200,0.9998,0.4,True,1119977,0,1119977
4956314,13,DPWSolver,False,100000,200,0.9998,0.4,False,1156908,0,1156908
4956315,41,NAIVE,False,100000,200,0.9998,0.4,False,1139334,0,1139334
4956316,6,ProgressiveWideningSolver,False,100000,200,0.9998,0.2,False,1129749,0,1129749
4956317,12,ProgressiveWideningSolver,False,100000,200,0.9998,0.4,False,1132518,0,1132518
4956318,11,DPWSolver,False,100000,200,0.999,0.2,True,1122209,0,1122209
4956319,11,DPWSolver,False,100000,200,0.999,0.2,False,1111559,0,1111559
4956320,12,DPWSolver,False,100000,200,0.999,0.4,True,1131359,0,1131359
4956321,13,DPWSolver,False,100000,200,0.999,0.4,False,1139333,0,1139333
4956322,42,NAIVE,False,100000,200,0.999,0.4,False,1161841,0,1161841
4956323,6,ProgressiveWideningSolver,False,100000,200,0.999,0.2,False,1147181,0,1147181
4956324,11,ProgressiveWideningSolver,False,100000,200,0.999,0.4,False,1128716,0,1128716
4956325,26,DPWSolver,False,100000,500,0.9998,0.2,True,1104283,0,1104283
4956326,26,DPWSolver,False,100000,500,0.9998,0.2,False,1110186,0,1110186
4956327,38,DPWSolver,False,100000,500,0.9998,0.4,True,1117104,0,1117104
4956328,39,DPWSolver,False,100000,500,0.9998,0.4,False,1125525,0,1125525
4956329,89,NAIVE,False,100000,500,0.9998,0.4,False,1122859,0,1122859
4956330,10,ProgressiveWideningSolver,False,100000,500,0.9998,0.2,False,1135608,0,1135608
4956331,30,ProgressiveWideningSolver,False,100000,500,0.9998,0.4,False,1128210,0,1128210
4956332,25,DPWSolver,False,100000,500,0.999,0.2,True,1098669,0,1098669
4956333,26,DPWSolver,False,100000,500,0.999,0.2,False,1096501,0,1096501
4956334,37,DPWSolver,False,100000,500,0.999,0.4,True,1097930,0,1097930
4956335,38,DPWSolver,False,100000,500,0.999,0.4,False,1112345,0,1112345
4956336,88,NAIVE,False,100000,500,0.999,0.4,False,1124076,0,1124076
4956337,9,ProgressiveWideningSolver,False,100000,500,0.999,0.2,False,1167615,0,1167615
4956338,28,ProgressiveWideningSolver,False,100000,500,0.999,0.4,False,1109004,0,1109004
4956339,55,DPWSolver,False,100000,1000,0.9998,0.2,True,1106711,0,1106711
4956340,54,DPWSolver,False,100000,1000,0.9998,0.2,False,1106965,0,1106965
4956341,78,DPWSolver,False,100000,1000,0.9998,0.4,True,1149048,0,1149048
4956342,79,DPWSolver,False,100000,1000,0.9998,0.4,False,1119758,0,1119758
4956343,142,NAIVE,False,100000,1000,0.9998,0.4,False,1125862,0,1125862
4956344,18,ProgressiveWideningSolver,False,100000,1000,0.9998,0.2,False,1139171,0,1139171
4956345,55,ProgressiveWideningSolver,False,100000,1000,0.9998,0.4,False,1110467,0,1110467
4956346,53,DPWSolver,False,100000,1000,0.999,0.2,True,1101343,0,1101343
4956347,54,DPWSolver,False,100000,1000,0.999,0.2,False,1105172,0,1105172
4956348,74,DPWSolver,False,100000,1000,0.999,0.4,True,1142302,0,1142302
4956349,76,DPWSolver,False,100000,1000,0.999,0.4,False,1143001,0,1143001
4956350,130,NAIVE,False,100000,1000,0.999,0.4,False,1111837,0,1111837
4956351,17,ProgressiveWideningSolver,False,100000,1000,0.999,0.2,False,1153949,0,1153949
4956352,45,ProgressiveWideningSolver,False,100000,1000,0.999,0.4,False,1112972,0,1112972
4956353,2,DPWSolver,False,500000,20,0.9998,0.2,True,1182718,0,1182718
4956354,1,DPWSolver,False,500000,20,0.9998,0.2,False,1194296,0,1194296
4956355,2,DPWSolver,False,500000,20,0.9998,0.4,True,1179118,0,1179118
4956356,2,DPWSolver,False,500000,20,0.9998,0.4,False,1184468,0,1184468
4956357,5,NAIVE,False,500000,20,0.9998,0.4,False,1194408,0,1194408
4956358,1,ProgressiveWideningSolver,False,500000,20,0.9998,0.2,False,1172398,0,1172398
4956359,1,ProgressiveWideningSolver,False,500000,20,0.9998,0.4,False,1186485,0,1186485
4956360,2,DPWSolver,False,500000,20,0.999,0.2,True,1177236,0,1177236
4956361,2,DPWSolver,False,500000,20,0.999,0.2,False,1153115,0,1153115
4956362,2,DPWSolver,False,500000,20,0.999,0.4,True,1174786,0,1174786
4956363,2,DPWSolver,False,500000,20,0.999,0.4,False,1170344,0,1170344
4956364,5,NAIVE,False,500000,20,0.999,0.4,False,1199473,0,1199473
4956365,1,ProgressiveWideningSolver,False,500000,20,0.999,0.2,False,1178640,0,1178640
4956366,1,ProgressiveWideningSolver,False,500000,20,0.999,0.4,False,1174326,0,1174326
4956367,3,DPWSolver,False,500000,50,0.9998,0.2,True,1153417,0,1153417
4956368,3,DPWSolver,False,500000,50,0.9998,0.2,False,1147086,0,1147086
4956369,3,DPWSolver,False,500000,50,0.9998,0.4,True,1171132,0,1171132
4956370,3,DPWSolver,False,500000,50,0.9998,0.4,False,1155559,0,1155559
4956371,13,NAIVE,False,500000,50,0.9998,0.4,False,1176980,0,1176980
4956372,3,ProgressiveWideningSolver,False,500000,50,0.9998,0.2,False,1191169,0,1191169
4956373,3,ProgressiveWideningSolver,False,500000,50,0.9998,0.4,False,1153584,0,1153584
4956374,3,DPWSolver,False,500000,50,0.999,0.2,True,1177581,0,1177581
4956375,3,DPWSolver,False,500000,50,0.999,0.2,False,1156458,0,1156458
4956376,3,DPWSolver,False,500000,50,0.999,0.4,True,1127169,0,1127169
4956377,3,DPWSolver,False,500000,50,0.999,0.4,False,1176877,0,1176877
4956378,12,NAIVE,False,500000,50,0.999,0.4,False,1146276,0,1146276
4956379,3,ProgressiveWideningSolver,False,500000,50,0.999,0.2,False,1139319,0,1139319
4956380,3,ProgressiveWideningSolver,False,500000,50,0.999,0.4,False,1155171,0,1155171
4956381,6,DPWSolver,False,500000,100,0.9998,0.2,True,1167236,0,1167236
4956382,6,DPWSolver,False,500000,100,0.9998,0.2,False,1143098,0,1143098
4956383,6,DPWSolver,False,500000,100,0.9998,0.4,True,1113500,0,1113500
4956384,6,DPWSolver,False,500000,100,0.9998,0.4,False,1159859,0,1159859
4956385,24,NAIVE,False,500000,100,0.9998,0.4,False,1181753,0,1181753
4956386,5,ProgressiveWideningSolver,False,500000,100,0.9998,0.2,False,1147192,0,1147192
4956387,7,ProgressiveWideningSolver,False,500000,100,0.9998,0.4,False,1189908,0,1189908
4956388,6,DPWSolver,False,500000,100,0.999,0.2,True,1138806,0,1138806
4956389,6,DPWSolver,False,500000,100,0.999,0.2,False,1129487,0,1129487
4956390,7,DPWSolver,False,500000,100,0.999,0.4,True,1131250,0,1131250
4956391,8,DPWSolver,False,500000,100,0.999,0.4,False,1140315,0,1140315
4956392,25,NAIVE,False,500000,100,0.999,0.4,False,1178455,0,1178455
4956393,5,ProgressiveWideningSolver,False,500000,100,0.999,0.2,False,1141459,0,1141459
4956394,6,ProgressiveWideningSolver,False,500000,100,0.999,0.4,False,1147707,0,1147707
4956395,11,DPWSolver,False,500000,200,0.9998,0.2,True,1127247,0,1127247
4956396,12,DPWSolver,False,500000,200,0.9998,0.2,False,1130300,0,1130300
4956397,13,DPWSolver,False,500000,200,0.9998,0.4,True,1103873,0,1103873
4956398,13,DPWSolver,False,500000,200,0.9998,0.4,False,1163418,0,1163418
4956399,41,NAIVE,False,500000,200,0.9998,0.4,False,1151256,0,1151256
4956400,9,ProgressiveWideningSolver,False,500000,200,0.9998,0.2,False,1144586,0,1144586
4956401,13,ProgressiveWideningSolver,False,500000,200,0.9998,0.4,False,1180614,0,1180614
4956402,11,DPWSolver,False,500000,200,0.999,0.2,True,1126777,0,1126777
4956403,11,DPWSolver,False,500000,200,0.999,0.2,False,1123697,0,1123697
4956404,13,DPWSolver,False,500000,200,0.999,0.4,True,1110141,0,1110141
4956405,12,DPWSolver,False,500000,200,0.999,0.4,False,1127002,0,1127002
4956406,38,NAIVE,False,500000,200,0.999,0.4,False,1137821,0,1137821
4956407,8,ProgressiveWideningSolver,False,500000,200,0.999,0.2,False,1169232,0,1169232
4956408,13,ProgressiveWideningSolver,False,500000,200,0.999,0.4,False,1141351,0,1141351
4956409,28,DPWSolver,False,500000,500,0.9998,0.2,True,1101171,0,1101171
4956410,28,DPWSolver,False,500000,500,0.9998,0.2,False,1088113,0,1088113
4956411,40,DPWSolver,False,500000,500,0.9998,0.4,True,1113100,0,1113100
4956412,40,DPWSolver,False,500000,500,0.9998,0.4,False,1114478,0,1114478
4956413,94,NAIVE,False,500000,500,0.9998,0.4,False,1138690,0,1138690
4956414,19,ProgressiveWideningSolver,False,500000,500,0.9998,0.2,False,1098488,0,1098488
4956415,39,ProgressiveWideningSolver,False,500000,500,0.9998,0.4,False,1141192,0,1141192
4956416,27,DPWSolver,False,500000,500,0.999,0.2,True,1092537,0,1092537
4956417,27,DPWSolver,False,500000,500,0.999,0.2,False,1109345,0,1109345
4956418,39,DPWSolver,False,500000,500,0.999,0.4,True,1123170,0,1123170
4956419,38,DPWSolver,False,500000,500,0.999,0.4,False,1113106,0,1113106
4956420,94,NAIVE,False,500000,500,0.999,0.4,False,1144877,0,1144877
4956421,18,ProgressiveWideningSolver,False,500000,500,0.999,0.2,False,1144122,0,1144122
4956422,37,ProgressiveWideningSolver,False,500000,500,0.999,0.4,False,1120760,0,1120760
4956423,54,DPWSolver,False,500000,1000,0.9998,0.2,True,1110592,0,1110592
4956424,59,DPWSolver,False,500000,1000,0.9998,0.2,False,1115735,0,1115735
4956425,84,DPWSolver,False,500000,1000,0.9998,0.4,True,1132164,0,1132164
4956426,82,DPWSolver,False,500000,1000,0.9998,0.4,False,1126148,0,1126148
4956427,183,NAIVE,False,500000,1000,0.9998,0.4,False,1142239,0,1142239
4956428,42,ProgressiveWideningSolver,False,500000,1000,0.9998,0.2,False,1131017,0,1131017
4956429,79,ProgressiveWideningSolver,False,500000,1000,0.9998,0.4,False,1127126,0,1127126
4956430,57,DPWSolver,False,500000,1000,0.999,0.2,True,1089613,0,1089613
4956431,58,DPWSolver,False,500000,1000,0.999,0.2,False,1109047,0,1109047
4956432,84,DPWSolver,False,500000,1000,0.999,0.4,True,1119663,0,1119663
4956433,78,DPWSolver,False,500000,1000,0.999,0.4,False,1134474,0,1134474
4956434,175,NAIVE,False,500000,1000,0.999,0.4,False,1121810,0,1121810
4956435,30,ProgressiveWideningSolver,False,500000,1000,0.999,0.2,False,1114348,0,1114348
4956436,78,ProgressiveWideningSolver,False,500000,1000,0.999,0.4,False,1161561,0,1161561
4956437,2,DPWSolver,False,750000,20,0.9998,0.2,True,1176774,0,1176774
4956438,2,DPWSolver,False,750000,20,0.9998,0.2,False,1173812,0,1173812
4956439,2,DPWSolver,False,750000,20,0.9998,0.4,True,1154796,0,1154796
4956440,2,DPWSolver,False,750000,20,0.9998,0.4,False,1176150,0,1176150
4956441,6,NAIVE,False,750000,20,0.9998,0.4,False,1194717,0,1194717
4956442,2,ProgressiveWideningSolver,False,750000,20,0.9998,0.2,False,1194358,0,1194358
4956443,2,ProgressiveWideningSolver,False,750000,20,0.9998,0.4,False,1196856,0,1196856
4956444,2,DPWSolver,False,750000,20,0.999,0.2,True,1174054,0,1174054
4956445,2,DPWSolver,False,750000,20,0.999,0.2,False,1174756,0,1174756
4956446,3,DPWSolver,False,750000,20,0.999,0.4,True,1178306,0,1178306
4956447,3,DPWSolver,False,750000,20,0.999,0.4,False,1172612,0,1172612
4956448,6,NAIVE,False,750000,20,0.999,0.4,False,1193258,0,1193258
4956449,2,ProgressiveWideningSolver,False,750000,20,0.999,0.2,False,1197065,0,1197065
4956450,1,ProgressiveWideningSolver,False,750000,20,0.999,0.4,False,1195558,0,1195558
4956451,3,DPWSolver,False,750000,50,0.9998,0.2,True,1159488,0,1159488
4956452,4,DPWSolver,False,750000,50,0.9998,0.2,False,1131103,0,1131103
4956453,4,DPWSolver,False,750000,50,0.9998,0.4,True,1139722,0,1139722
4956454,4,DPWSolver,False,750000,50,0.9998,0.4,False,1187522,0,1187522
4956455,13,NAIVE,False,750000,50,0.9998,0.4,False,1207269,0,1207269
4956456,3,ProgressiveWideningSolver,False,750000,50,0.9998,0.2,False,1169489,0,1169489
4956457,3,ProgressiveWideningSolver,False,750000,50,0.9998,0.4,False,1139730,0,1139730
4956458,3,DPWSolver,False,750000,50,0.999,0.2,True,1200201,0,1200201
4956459,3,DPWSolver,False,750000,50,0.999,0.2,False,1169882,0,1169882
4956460,3,DPWSolver,False,750000,50,0.999,0.4,True,1132698,0,1132698
4956461,3,DPWSolver,False,750000,50,0.999,0.4,False,1196879,0,1196879
4956462,12,NAIVE,False,750000,50,0.999,0.4,False,1169575,0,1169575
4956463,3,ProgressiveWideningSolver,False,750000,50,0.999,0.2,False,1166924,0,1166924
4956464,3,ProgressiveWideningSolver,False,750000,50,0.999,0.4,False,1160725,0,1160725
4956465,6,DPWSolver,False,750000,100,0.9998,0.2,True,1126933,0,1126933
4956466,6,DPWSolver,False,750000,100,0.9998,0.2,False,1134098,0,1134098
4956467,6,DPWSolver,False,750000,100,0.9998,0.4,True,1134830,0,1134830
4956468,6,DPWSolver,False,750000,100,0.9998,0.4,False,1141865,0,1141865
4956469,25,NAIVE,False,750000,100,0.9998,0.4,False,1195031,0,1195031
4956470,5,ProgressiveWideningSolver,False,750000,100,0.9998,0.2,False,1141748,0,1141748
4956471,6,ProgressiveWideningSolver,False,750000,100,0.9998,0.4,False,1194844,0,1194844
4956472,6,DPWSolver,False,750000,100,0.999,0.2,True,1138100,0,1138100
4956473,6,DPWSolver,False,750000,100,0.999,0.2,False,1127035,0,1127035
4956474,6,DPWSolver,False,750000,100,0.999,0.4,True,1141428,0,1141428
4956475,6,DPWSolver,False,750000,100,0.999,0.4,False,1141090,0,1141090
4956476,25,NAIVE,False,750000,100,0.999,0.4,False,1209759,0,1209759
4956477,6,ProgressiveWideningSolver,False,750000,100,0.999,0.2,False,1164184,0,1164184
4956478,6,ProgressiveWideningSolver,False,750000,100,0.999,0.4,False,1186535,0,1186535
4956479,11,DPWSolver,False,750000,200,0.9998,0.2,True,1135095,0,1135095
4956480,11,DPWSolver,False,750000,200,0.9998,0.2,False,1120753,0,1120753
4956481,13,DPWSolver,False,750000,200,0.9998,0.4,True,1146078,0,1146078
4956482,13,DPWSolver,False,750000,200,0.9998,0.4,False,1126220,0,1126220
4956483,42,NAIVE,False,750000,200,0.9998,0.4,False,1146829,0,1146829
4956484,9,ProgressiveWideningSolver,False,750000,200,0.9998,0.2,False,1151984,0,1151984
4956485,12,ProgressiveWideningSolver,False,750000,200,0.9998,0.4,False,1141485,0,1141485
4956486,11,DPWSolver,False,750000,200,0.999,0.2,True,1131390,0,1131390
4956487,11,DPWSolver,False,750000,200,0.999,0.2,False,1140112,0,1140112
4956488,13,DPWSolver,False,750000,200,0.999,0.4,True,1134140,0,1134140
4956489,13,DPWSolver,False,750000,200,0.999,0.4,False,1160124,0,1160124
4956490,41,NAIVE,False,750000,200,0.999,0.4,False,1161142,0,1161142
4956491,9,ProgressiveWideningSolver,False,750000,200,0.999,0.2,False,1157972,0,1157972
4956492,13,ProgressiveWideningSolver,False,750000,200,0.999,0.4,False,1160303,0,1160303
4956493,27,DPWSolver,False,750000,500,0.9998,0.2,True,1093004,0,1093004
4956494,25,DPWSolver,False,750000,500,0.9998,0.2,False,1115850,0,1115850
4956495,37,DPWSolver,False,750000,500,0.9998,0.4,True,1117709,0,1117709
4956496,40,DPWSolver,False,750000,500,0.9998,0.4,False,1126490,0,1126490
4956497,97,NAIVE,False,750000,500,0.9998,0.4,False,1147623,0,1147623
4956498,20,ProgressiveWideningSolver,False,750000,500,0.9998,0.2,False,1118488,0,1118488
4956499,39,ProgressiveWideningSolver,False,750000,500,0.9998,0.4,False,1134621,0,1134621
4956500,26,DPWSolver,False,750000,500,0.999,0.2,True,1109892,0,1109892
4956501,27,DPWSolver,False,750000,500,0.999,0.2,False,1107653,0,1107653
4956502,38,DPWSolver,False,750000,500,0.999,0.4,True,1118338,0,1118338
4956503,36,DPWSolver,False,750000,500,0.999,0.4,False,1119122,0,1119122
4956504,95,NAIVE,False,750000,500,0.999,0.4,False,1133907,0,1133907
4956505,18,ProgressiveWideningSolver,False,750000,500,0.999,0.2,False,1129198,0,1129198
4956506,38,ProgressiveWideningSolver,False,750000,500,0.999,0.4,False,1144475,0,1144475
4956507,59,DPWSolver,False,750000,1000,0.9998,0.2,True,1114140,0,1114140
4956508,56,DPWSolver,False,750000,1000,0.9998,0.2,False,1114228,0,1114228
4956509,83,DPWSolver,False,750000,1000,0.9998,0.4,True,1116604,0,1116604
4956510,83,DPWSolver,False,750000,1000,0.9998,0.4,False,1134997,0,1134997
4956511,189,NAIVE,False,750000,1000,0.9998,0.4,False,1138327,0,1138327
4956512,41,ProgressiveWideningSolver,False,750000,1000,0.9998,0.2,False,1143988,0,1143988
4956513,84,ProgressiveWideningSolver,False,750000,1000,0.9998,0.4,False,1126318,0,1126318
4956514,56,DPWSolver,False,750000,1000,0.999,0.2,True,1104810,0,1104810
4956515,59,DPWSolver,False,750000,1000,0.999,0.2,False,1098537,0,1098537
4956516,85,DPWSolver,False,750000,1000,0.999,0.4,True,1149340,0,1149340
4956517,83,DPWSolver,False,750000,1000,0.999,0.4,False,1134422,0,1134422
4956518,177,NAIVE,False,750000,1000,0.999,0.4,False,1128430,0,1128430
4956519,35,ProgressiveWideningSolver,False,750000,1000,0.999,0.2,False,1124586,0,1124586
4956520,79,ProgressiveWideningSolver,False,750000,1000,0.999,0.4,False,1113641,0,1113641
4956521,2,DPWSolver,False,1000000,20,0.9998,0.2,True,1185754,0,1185754
4956522,2,DPWSolver,False,1000000,20,0.9998,0.2,False,1166140,0,1166140
4956523,2,DPWSolver,False,1000000,20,0.9998,0.4,True,1156878,0,1156878
4956524,2,DPWSolver,False,1000000,20,0.9998,0.4,False,1171870,0,1171870
4956525,6,NAIVE,False,1000000,20,0.9998,0.4,False,1167733,0,1167733
4956526,2,ProgressiveWideningSolver,False,1000000,20,0.9998,0.2,False,1201082,0,1201082
4956527,2,ProgressiveWideningSolver,False,1000000,20,0.9998,0.4,False,1177766,0,1177766
4956528,2,DPWSolver,False,1000000,20,0.999,0.2,True,1180774,0,1180774
4956529,2,DPWSolver,False,1000000,20,0.999,0.2,False,1163362,0,1163362
4956530,2,DPWSolver,False,1000000,20,0.999,0.4,True,1161678,0,1161678
4956531,2,DPWSolver,False,1000000,20,0.999,0.4,False,1207881,0,1207881
4956532,5,NAIVE,False,1000000,20,0.999,0.4,False,1198493,0,1198493
4956533,2,ProgressiveWideningSolver,False,1000000,20,0.999,0.2,False,1205836,0,1205836
4956534,2,ProgressiveWideningSolver,False,1000000,20,0.999,0.4,False,1206389,0,1206389
4956535,3,DPWSolver,False,1000000,50,0.9998,0.2,True,1164044,0,1164044
4956536,3,DPWSolver,False,1000000,50,0.9998,0.2,False,1164632,0,1164632
4956537,3,DPWSolver,False,1000000,50,0.9998,0.4,True,1118898,0,1118898
4956538,3,DPWSolver,False,1000000,50,0.9998,0.4,False,1157819,0,1157819
4956539,12,NAIVE,False,1000000,50,0.9998,0.4,False,1177593,0,1177593
4956540,3,ProgressiveWideningSolver,False,1000000,50,0.9998,0.2,False,1181643,0,1181643
4956541,3,ProgressiveWideningSolver,False,1000000,50,0.9998,0.4,False,1152141,0,1152141
4956542,3,DPWSolver,False,1000000,50,0.999,0.2,True,1153999,0,1153999
4956543,3,DPWSolver,False,1000000,50,0.999,0.2,False,1175176,0,1175176
4956544,3,DPWSolver,False,1000000,50,0.999,0.4,True,1183007,0,1183007
4956545,3,DPWSolver,False,1000000,50,0.999,0.4,False,1168039,0,1168039
4956546,13,NAIVE,False,1000000,50,0.999,0.4,False,1187461,0,1187461
4956547,3,ProgressiveWideningSolver,False,1000000,50,0.999,0.2,False,1194490,0,1194490
4956548,3,ProgressiveWideningSolver,False,1000000,50,0.999,0.4,False,1191704,0,1191704
4956549,6,DPWSolver,False,1000000,100,0.9998,0.2,True,1185390,0,1185390
4956550,6,DPWSolver,False,1000000,100,0.9998,0.2,False,1131222,0,1131222
4956551,6,DPWSolver,False,1000000,100,0.9998,0.4,True,1158043,0,1158043
4956552,6,DPWSolver,False,1000000,100,0.9998,0.4,False,1148620,0,1148620
4956553,25,NAIVE,False,1000000,100,0.9998,0.4,False,1190472,0,1190472
4956554,6,ProgressiveWideningSolver,False,1000000,100,0.9998,0.2,False,1176223,0,1176223
4956555,6,ProgressiveWideningSolver,False,1000000,100,0.9998,0.4,False,1158294,0,1158294
4956556,6,DPWSolver,False,1000000,100,0.999,0.2,True,1141010,0,1141010
4956557,6,DPWSolver,False,1000000,100,0.999,0.2,False,1140352,0,1140352
4956558,6,DPWSolver,False,1000000,100,0.999,0.4,True,1167985,0,1167985
4956559,6,DPWSolver,False,1000000,100,0.999,0.4,False,1165689,0,1165689
4956560,25,NAIVE,False,1000000,100,0.999,0.4,False,1145356,0,1145356
4956561,5,ProgressiveWideningSolver,False,1000000,100,0.999,0.2,False,1152856,0,1152856
4956562,6,ProgressiveWideningSolver,False,1000000,100,0.999,0.4,False,1149497,0,1149497
4956563,11,DPWSolver,False,1000000,200,0.9998,0.2,True,1128152,0,1128152
4956564,11,DPWSolver,False,1000000,200,0.9998,0.2,False,1132084,0,1132084
4956565,14,DPWSolver,False,1000000,200,0.9998,0.4,True,1147158,0,1147158
4956566,13,DPWSolver,False,1000000,200,0.9998,0.4,False,1155316,0,1155316
4956567,42,NAIVE,False,1000000,200,0.9998,0.4,False,1149030,0,1149030
4956568,8,ProgressiveWideningSolver,False,1000000,200,0.9998,0.2,False,1138881,0,1138881
4956569,12,ProgressiveWideningSolver,False,1000000,200,0.9998,0.4,False,1140543,0,1140543
4956570,11,DPWSolver,False,1000000,200,0.999,0.2,True,1131685,0,1131685
4956571,11,DPWSolver,False,1000000,200,0.999,0.2,False,1117988,0,1117988
4956572,13,DPWSolver,False,1000000,200,0.999,0.4,True,1136943,0,1136943
4956573,13,DPWSolver,False,1000000,200,0.999,0.4,False,1162351,0,1162351
4956574,43,NAIVE,False,1000000,200,0.999,0.4,False,1166133,0,1166133
4956575,9,ProgressiveWideningSolver,False,1000000,200,0.999,0.2,False,1125091,0,1125091
4956576,14,ProgressiveWideningSolver,False,1000000,200,0.999,0.4,False,1157985,0,1157985
4956577,30,DPWSolver,False,1000000,500,0.9998,0.2,True,1114267,0,1114267
4956578,30,DPWSolver,False,1000000,500,0.9998,0.2,False,1114723,0,1114723
4956579,39,DPWSolver,False,1000000,500,0.9998,0.4,True,1118576,0,1118576
4956580,40,DPWSolver,False,1000000,500,0.9998,0.4,False,1130410,0,1130410
4956581,95,NAIVE,False,1000000,500,0.9998,0.4,False,1172226,0,1172226
4956582,19,ProgressiveWideningSolver,False,1000000,500,0.9998,0.2,False,1122656,0,1122656
4956583,40,ProgressiveWideningSolver,False,1000000,500,0.9998,0.4,False,1142586,0,1142586
4956584,28,DPWSolver,False,1000000,500,0.999,0.2,True,1106081,0,1106081
4956585,28,DPWSolver,False,1000000,500,0.999,0.2,False,1101429,0,1101429
4956586,35,DPWSolver,False,1000000,500,0.999,0.4,True,1127063,0,1127063
4956587,37,DPWSolver,False,1000000,500,0.999,0.4,False,1121931,0,1121931
4956588,96,NAIVE,False,1000000,500,0.999,0.4,False,1119414,0,1119414
4956589,20,ProgressiveWideningSolver,False,1000000,500,0.999,0.2,False,1136323,0,1136323
4956590,40,ProgressiveWideningSolver,False,1000000,500,0.999,0.4,False,1130159,0,1130159
4956591,59,DPWSolver,False,1000000,1000,0.9998,0.2,True,1111850,0,1111850
4956592,58,DPWSolver,False,1000000,1000,0.9998,0.2,False,1113003,0,1113003
4956593,87,DPWSolver,False,1000000,1000,0.9998,0.4,True,1142403,0,1142403
4956594,81,DPWSolver,False,1000000,1000,0.9998,0.4,False,1132541,0,1132541
4956595,180,NAIVE,False,1000000,1000,0.9998,0.4,False,1119471,0,1119471
4956596,40,ProgressiveWideningSolver,False,1000000,1000,0.9998,0.2,False,1153670,0,1153670
4956597,84,ProgressiveWideningSolver,False,1000000,1000,0.9998,0.4,False,1150746,0,1150746
4956598,58,DPWSolver,False,1000000,1000,0.999,0.2,True,1107168,0,1107168
4956599,53,DPWSolver,False,1000000,1000,0.999,0.2,False,1112322,0,1112322
4956600,88,DPWSolver,False,1000000,1000,0.999,0.4,True,1142496,0,1142496
4956601,84,DPWSolver,False,1000000,1000,0.999,0.4,False,1117766,0,1117766
4956602,175,NAIVE,False,1000000,1000,0.999,0.4,False,1118045,0,1118045
4956603,40,ProgressiveWideningSolver,False,1000000,1000,0.999,0.2,False,1133919,0,1133919
4956604,80,ProgressiveWideningSolver,False,1000000,1000,0.999,0.4,False,1134953,0,1134953
4956605,2,DPWSolver,False,25000000,20,0.9998,0.2,True,1194279,0,1194279
4956606,2,DPWSolver,False,25000000,20,0.9998,0.2,False,1176776,0,1176776
4956607,2,DPWSolver,False,25000000,20,0.9998,0.4,True,1195770,0,1195770
4956608,2,DPWSolver,False,25000000,20,0.9998,0.4,False,1198850,0,1198850
4956609,5,NAIVE,False,25000000,20,0.9998,0.4,False,1186409,0,1186409
4956610,1,ProgressiveWideningSolver,False,25000000,20,0.9998,0.2,False,1189536,0,1189536
4956611,1,ProgressiveWideningSolver,False,25000000,20,0.9998,0.4,False,1193020,0,1193020
4956612,2,DPWSolver,False,25000000,20,0.999,0.2,True,1163283,0,1163283
4956613,2,DPWSolver,False,25000000,20,0.999,0.2,False,1164630,0,1164630
4956614,3,DPWSolver,False,25000000,20,0.999,0.4,True,1181655,0,1181655
4956615,2,DPWSolver,False,25000000,20,0.999,0.4,False,1184350,0,1184350
4956616,6,NAIVE,False,25000000,20,0.999,0.4,False,1210012,0,1210012
4956617,2,ProgressiveWideningSolver,False,25000000,20,0.999,0.2,False,1209892,0,1209892
4956618,2,ProgressiveWideningSolver,False,25000000,20,0.999,0.4,False,1182153,0,1182153
4956619,3,DPWSolver,False,25000000,50,0.9998,0.2,True,1193905,0,1193905
4956620,3,DPWSolver,False,25000000,50,0.9998,0.2,False,1170150,0,1170150
4956621,3,DPWSolver,False,25000000,50,0.9998,0.4,True,1150872,0,1150872
4956622,3,DPWSolver,False,25000000,50,0.9998,0.4,False,1152283,0,1152283
4956623,13,NAIVE,False,25000000,50,0.9998,0.4,False,1155487,0,1155487
4956624,3,ProgressiveWideningSolver,False,25000000,50,0.9998,0.2,False,1164195,0,1164195
4956625,3,ProgressiveWideningSolver,False,25000000,50,0.9998,0.4,False,1183010,0,1183010
4956626,3,DPWSolver,False,25000000,50,0.999,0.2,True,1149503,0,1149503
4956627,3,DPWSolver,False,25000000,50,0.999,0.2,False,1170115,0,1170115
4956628,3,DPWSolver,False,25000000,50,0.999,0.4,True,1167991,0,1167991
4956629,3,DPWSolver,False,25000000,50,0.999,0.4,False,1171666,0,1171666
4956630,12,NAIVE,False,25000000,50,0.999,0.4,False,1188372,0,1188372
4956631,3,ProgressiveWideningSolver,False,25000000,50,0.999,0.2,False,1171500,0,1171500
4956632,3,ProgressiveWideningSolver,False,25000000,50,0.999,0.4,False,1162947,0,1162947
4956633,6,DPWSolver,False,25000000,100,0.9998,0.2,True,1137607,0,1137607
4956634,6,DPWSolver,False,25000000,100,0.9998,0.2,False,1169412,0,1169412
4956635,6,DPWSolver,False,25000000,100,0.9998,0.4,True,1152786,0,1152786
4956636,6,DPWSolver,False,25000000,100,0.9998,0.4,False,1173789,0,1173789
4956637,26,NAIVE,False,25000000,100,0.9998,0.4,False,1196351,0,1196351
4956638,6,ProgressiveWideningSolver,False,25000000,100,0.9998,0.2,False,1173175,0,1173175
4956639,6,ProgressiveWideningSolver,False,25000000,100,0.9998,0.4,False,1216674,0,1216674
4956640,6,DPWSolver,False,25000000,100,0.999,0.2,True,1147897,0,1147897
4956641,6,DPWSolver,False,25000000,100,0.999,0.2,False,1130037,0,1130037
4956642,6,DPWSolver,False,25000000,100,0.999,0.4,True,1164108,0,1164108
4956643,6,DPWSolver,False,25000000,100,0.999,0.4,False,1139330,0,1139330
4956644,24,NAIVE,False,25000000,100,0.999,0.4,False,1174110,0,1174110
4956645,6,ProgressiveWideningSolver,False,25000000,100,0.999,0.2,False,1173531,0,1173531
4956646,6,ProgressiveWideningSolver,False,25000000,100,0.999,0.4,False,1217095,0,1217095
4956647,12,DPWSolver,False,25000000,200,0.9998,0.2,True,1129404,0,1129404
4956648,11,DPWSolver,False,25000000,200,0.9998,0.2,False,1112706,0,1112706
4956649,15,DPWSolver,False,25000000,200,0.9998,0.4,True,1150628,0,1150628
4956650,14,DPWSolver,False,25000000,200,0.9998,0.4,False,1160840,0,1160840
4956651,42,NAIVE,False,25000000,200,0.9998,0.4,False,1172221,0,1172221
4956652,9,ProgressiveWideningSolver,False,25000000,200,0.9998,0.2,False,1186512,0,1186512
4956653,12,ProgressiveWideningSolver,False,25000000,200,0.9998,0.4,False,1168030,0,1168030
4956654,11,DPWSolver,False,25000000,200,0.999,0.2,True,1124044,0,1124044
4956655,10,DPWSolver,False,25000000,200,0.999,0.2,False,1145661,0,1145661
4956656,13,DPWSolver,False,25000000,200,0.999,0.4,True,1147638,0,1147638
4956657,13,DPWSolver,False,25000000,200,0.999,0.4,False,1161090,0,1161090
4956658,43,NAIVE,False,25000000,200,0.999,0.4,False,1169639,0,1169639
4956659,9,ProgressiveWideningSolver,False,25000000,200,0.999,0.2,False,1166581,0,1166581
4956660,13,ProgressiveWideningSolver,False,25000000,200,0.999,0.4,False,1144175,0,1144175
4956661,26,DPWSolver,False,25000000,500,0.9998,0.2,True,1112662,0,1112662
4956662,26,DPWSolver,False,25000000,500,0.9998,0.2,False,1111051,0,1111051
4956663,38,DPWSolver,False,25000000,500,0.9998,0.4,True,1111370,0,1111370
4956664,40,DPWSolver,False,25000000,500,0.9998,0.4,False,1129880,0,1129880
4956665,90,NAIVE,False,25000000,500,0.9998,0.4,False,1125404,0,1125404
4956666,19,ProgressiveWideningSolver,False,25000000,500,0.9998,0.2,False,1130654,0,1130654
4956667,40,ProgressiveWideningSolver,False,25000000,500,0.9998,0.4,False,1133517,0,1133517
4956668,28,DPWSolver,False,25000000,500,0.999,0.2,True,1121262,0,1121262
4956669,27,DPWSolver,False,25000000,500,0.999,0.2,False,1121445,0,1121445
4956670,40,DPWSolver,False,25000000,500,0.999,0.4,True,1125871,0,1125871
4956671,40,DPWSolver,False,25000000,500,0.999,0.4,False,1123298,0,1123298
4956672,97,NAIVE,False,25000000,500,0.999,0.4,False,1138810,0,1138810
4956673,20,ProgressiveWideningSolver,False,25000000,500,0.999,0.2,False,1139812,0,1139812
4956674,38,ProgressiveWideningSolver,False,25000000,500,0.999,0.4,False,1152846,0,1152846
4956675,58,DPWSolver,False,25000000,1000,0.9998,0.2,True,1107453,0,1107453
4956676,59,DPWSolver,False,25000000,1000,0.9998,0.2,False,1117173,0,1117173
4956677,83,DPWSolver,False,25000000,1000,0.9998,0.4,True,1143560,0,1143560
4956678,83,DPWSolver,False,25000000,1000,0.9998,0.4,False,1142106,0,1142106
4956679,180,NAIVE,False,25000000,1000,0.9998,0.4,False,1131216,0,1131216
4956680,43,ProgressiveWideningSolver,False,25000000,1000,0.9998,0.2,False,1142039,0,1142039
4956681,85,ProgressiveWideningSolver,False,25000000,1000,0.9998,0.4,False,1139800,0,1139800
4956682,54,DPWSolver,False,25000000,1000,0.999,0.2,True,1114548,0,1114548
4956683,59,DPWSolver,False,25000000,1000,0.999,0.2,False,1127080,0,1127080
4956684,85,DPWSolver,False,25000000,1000,0.999,0.4,True,1146693,0,1146693
4956685,83,DPWSolver,False,25000000,1000,0.999,0.4,False,1135787,0,1135787
4956686,179,NAIVE,False,25000000,1000,0.999,0.4,False,1131740,0,1131740
4956687,42,ProgressiveWideningSolver,False,25000000,1000,0.999,0.2,False,1162432,0,1162432
4956688,82,ProgressiveWideningSolver,False,25000000,1000,0.999,0.4,False,1145612,0,1145612
4956689,3,DPWSolver,True,25000,20,0.9998,0.2,True,1206746,0,1206746
4956690,3,DPWSolver,True,25000,20,0.9998,0.2,False,1198748,0,1198748
4956691,3,DPWSolver,True,25000,20,0.9998,0.4,True,1193175,0,1193175
4956692,2,DPWSolver,True,25000,20,0.9998,0.4,False,1198936,0,1198936
4956693,6,NAIVE,True,25000,20,0.9998,0.4,False,1184871,0,1184871
4956694,1,ProgressiveWideningSolver,True,25000,20,0.9998,0.2,False,1213464,0,1213464
4956695,2,ProgressiveWideningSolver,True,25000,20,0.9998,0.4,False,1224289,0,1224289
4956696,2,DPWSolver,True,25000,20,0.999,0.2,True,1195636,0,1195636
4956697,2,DPWSolver,True,25000,20,0.999,0.2,False,1202712,0,1202712
4956698,2,DPWSolver,True,25000,20,0.999,0.4,True,1173824,0,1173824
4956699,2,DPWSolver,True,25000,20,0.999,0.4,False,1186481,0,1186481
4956700,5,NAIVE,True,25000,20,0.999,0.4,False,1202155,0,1202155
4956701,1,ProgressiveWideningSolver,True,25000,20,0.999,0.2,False,1213978,0,1213978
4956702,2,ProgressiveWideningSolver,True,25000,20,0.999,0.4,False,1208520,0,1208520
4956703,3,DPWSolver,True,25000,50,0.9998,0.2,True,1179895,0,1179895
4956704,3,DPWSolver,True,25000,50,0.9998,0.2,False,1170561,0,1170561
4956705,3,DPWSolver,True,25000,50,0.9998,0.4,True,1152036,0,1152036
4956706,3,DPWSolver,True,25000,50,0.9998,0.4,False,1163645,0,1163645
4956707,13,NAIVE,True,25000,50,0.9998,0.4,False,1187179,0,1187179
4956708,2,ProgressiveWideningSolver,True,25000,50,0.9998,0.2,False,1181226,0,1181226
4956709,3,ProgressiveWideningSolver,True,25000,50,0.9998,0.4,False,1188744,0,1188744
4956710,3,DPWSolver,True,25000,50,0.999,0.2,True,1166309,0,1166309
4956711,3,DPWSolver,True,25000,50,0.999,0.2,False,1186828,0,1186828
4956712,3,DPWSolver,True,25000,50,0.999,0.4,True,1137436,0,1137436
4956713,3,DPWSolver,True,25000,50,0.999,0.4,False,1162833,0,1162833
4956714,13,NAIVE,True,25000,50,0.999,0.4,False,1182357,0,1182357
4956715,2,ProgressiveWideningSolver,True,25000,50,0.999,0.2,False,1193276,0,1193276
4956716,3,ProgressiveWideningSolver,True,25000,50,0.999,0.4,False,1208418,0,1208418
4956717,8,DPWSolver,True,25000,100,0.9998,0.2,True,1126284,0,1126284
4956718,6,DPWSolver,True,25000,100,0.9998,0.2,False,1155091,0,1155091
4956719,6,DPWSolver,True,25000,100,0.9998,0.4,True,1157946,0,1157946
4956720,5,DPWSolver,True,25000,100,0.9998,0.4,False,1172917,0,1172917
4956721,24,NAIVE,True,25000,100,0.9998,0.4,False,1173323,0,1173323
4956722,3,ProgressiveWideningSolver,True,25000,100,0.9998,0.2,False,1184994,0,1184994
4956723,5,ProgressiveWideningSolver,True,25000,100,0.9998,0.4,False,1146374,0,1146374
4956724,6,DPWSolver,True,25000,100,0.999,0.2,True,1134156,0,1134156
4956725,6,DPWSolver,True,25000,100,0.999,0.2,False,1130859,0,1130859
4956726,6,DPWSolver,True,25000,100,0.999,0.4,True,1161899,0,1161899
4956727,6,DPWSolver,True,25000,100,0.999,0.4,False,1158550,0,1158550
4956728,26,NAIVE,True,25000,100,0.999,0.4,False,1181832,0,1181832
4956729,4,ProgressiveWideningSolver,True,25000,100,0.999,0.2,False,1167024,0,1167024
4956730,6,ProgressiveWideningSolver,True,25000,100,0.999,0.4,False,1145829,0,1145829
4956731,11,DPWSolver,True,25000,200,0.9998,0.2,True,1149047,0,1149047
4956732,11,DPWSolver,True,25000,200,0.9998,0.2,False,1120191,0,1120191
4956733,13,DPWSolver,True,25000,200,0.9998,0.4,True,1167862,0,1167862
4956734,13,DPWSolver,True,25000,200,0.9998,0.4,False,1141730,0,1141730
4956735,39,NAIVE,True,25000,200,0.9998,0.4,False,1132032,0,1132032
4956736,6,ProgressiveWideningSolver,True,25000,200,0.9998,0.2,False,1133355,0,1133355
4956737,10,ProgressiveWideningSolver,True,25000,200,0.9998,0.4,False,1134371,0,1134371
4956738,11,DPWSolver,True,25000,200,0.999,0.2,True,1132931,0,1132931
4956739,11,DPWSolver,True,25000,200,0.999,0.2,False,1138018,0,1138018
4956740,13,DPWSolver,True,25000,200,0.999,0.4,True,1136821,0,1136821
4956741,13,DPWSolver,True,25000,200,0.999,0.4,False,1147174,0,1147174
4956742,41,NAIVE,True,25000,200,0.999,0.4,False,1146128,0,1146128
4956743,6,ProgressiveWideningSolver,True,25000,200,0.999,0.2,False,1154394,0,1154394
4956744,10,ProgressiveWideningSolver,True,25000,200,0.999,0.4,False,1173670,0,1173670
4956745,27,DPWSolver,True,25000,500,0.9998,0.2,True,1100725,0,1100725
4956746,27,DPWSolver,True,25000,500,0.9998,0.2,False,1126832,0,1126832
4956747,38,DPWSolver,True,25000,500,0.9998,0.4,True,1136337,0,1136337
4956748,36,DPWSolver,True,25000,500,0.9998,0.4,False,1114129,0,1114129
4956749,80,NAIVE,True,25000,500,0.9998,0.4,False,1120476,0,1120476
4956750,10,ProgressiveWideningSolver,True,25000,500,0.9998,0.2,False,1166378,0,1166378
4956751,26,ProgressiveWideningSolver,True,25000,500,0.9998,0.4,False,1157261,0,1157261
4956752,26,DPWSolver,True,25000,500,0.999,0.2,True,1108450,0,1108450
4956753,27,DPWSolver,True,25000,500,0.999,0.2,False,1103449,0,1103449
4956754,34,DPWSolver,True,25000,500,0.999,0.4,True,1108480,0,1108480
4956755,36,DPWSolver,True,25000,500,0.999,0.4,False,1114663,0,1114663
4956756,82,NAIVE,True,25000,500,0.999,0.4,False,1136360,0,1136360
4956757,10,ProgressiveWideningSolver,True,25000,500,0.999,0.2,False,1127408,0,1127408
4956758,22,ProgressiveWideningSolver,True,25000,500,0.999,0.4,False,1133293,0,1133293
4956759,55,DPWSolver,True,25000,1000,0.9998,0.2,True,1101447,0,1101447
4956760,56,DPWSolver,True,25000,1000,0.9998,0.2,False,1113713,0,1113713
4956761,73,DPWSolver,True,25000,1000,0.9998,0.4,True,1129527,0,1129527
4956762,77,DPWSolver,True,25000,1000,0.9998,0.4,False,1139169,0,1139169
4956763,125,NAIVE,True,25000,1000,0.9998,0.4,False,1109803,0,1109803
4956764,17,ProgressiveWideningSolver,True,25000,1000,0.9998,0.2,False,1123197,0,1123197
4956765,40,ProgressiveWideningSolver,True,25000,1000,0.9998,0.4,False,1153889,0,1153889
4956766,54,DPWSolver,True,25000,1000,0.999,0.2,True,1126902,0,1126902
4956767,55,DPWSolver,True,25000,1000,0.999,0.2,False,1110073,0,1110073
4956768,73,DPWSolver,True,25000,1000,0.999,0.4,True,1129635,0,1129635
4956769,79,DPWSolver,True,25000,1000,0.999,0.4,False,1186350,0,1186350
4956770,113,NAIVE,True,25000,1000,0.999,0.4,False,1123565,0,1123565
4956771,18,ProgressiveWideningSolver,True,25000,1000,0.999,0.2,False,1152804,0,1152804
4956772,40,ProgressiveWideningSolver,True,25000,1000,0.999,0.4,False,1168640,0,1168640
4956773,2,DPWSolver,True,50000,20,0.9998,0.2,True,1218639,0,1218639
4956774,2,DPWSolver,True,50000,20,0.9998,0.2,False,1188908,0,1188908
4956775,2,DPWSolver,True,50000,20,0.9998,0.4,True,1207722,0,1207722
4956776,2,DPWSolver,True,50000,20,0.9998,0.4,False,1212861,0,1212861
4956777,5,NAIVE,True,50000,20,0.9998,0.4,False,1184484,0,1184484
4956778,1,ProgressiveWideningSolver,True,50000,20,0.9998,0.2,False,1188744,0,1188744
4956779,1,ProgressiveWideningSolver,True,50000,20,0.9998,0.4,False,1206040,0,1206040
4956780,2,DPWSolver,True,50000,20,0.999,0.2,True,1168401,0,1168401
4956781,2,DPWSolver,True,50000,20,0.999,0.2,False,1168668,0,1168668
4956782,2,DPWSolver,True,50000,20,0.999,0.4,True,1180145,0,1180145
4956783,2,DPWSolver,True,50000,20,0.999,0.4,False,1198480,0,1198480
4956784,6,NAIVE,True,50000,20,0.999,0.4,False,1170762,0,1170762
4956785,1,ProgressiveWideningSolver,True,50000,20,0.999,0.2,False,1208897,0,1208897
4956786,1,ProgressiveWideningSolver,True,50000,20,0.999,0.4,False,1180125,0,1180125
4956787,3,DPWSolver,True,50000,50,0.9998,0.2,True,1160928,0,1160928
4956788,3,DPWSolver,True,50000,50,0.9998,0.2,False,1145825,0,1145825
4956789,3,DPWSolver,True,50000,50,0.9998,0.4,True,1149887,0,1149887
4956790,3,DPWSolver,True,50000,50,0.9998,0.4,False,1173110,0,1173110
4956791,13,NAIVE,True,50000,50,0.9998,0.4,False,1173522,0,1173522
4956792,3,ProgressiveWideningSolver,True,50000,50,0.9998,0.2,False,1187242,0,1187242
4956793,3,ProgressiveWideningSolver,True,50000,50,0.9998,0.4,False,1173715,0,1173715
4956794,3,DPWSolver,True,50000,50,0.999,0.2,True,1203229,0,1203229
4956795,4,DPWSolver,True,50000,50,0.999,0.2,False,1197320,0,1197320
4956796,4,DPWSolver,True,50000,50,0.999,0.4,True,1151507,0,1151507
4956797,5,DPWSolver,True,50000,50,0.999,0.4,False,1187290,0,1187290
4956798,14,NAIVE,True,50000,50,0.999,0.4,False,1181200,0,1181200
4956799,3,ProgressiveWideningSolver,True,50000,50,0.999,0.2,False,1167973,0,1167973
4956800,3,ProgressiveWideningSolver,True,50000,50,0.999,0.4,False,1167985,0,1167985
4956801,7,DPWSolver,True,50000,100,0.9998,0.2,True,1134495,0,1134495
4956802,6,DPWSolver,True,50000,100,0.9998,0.2,False,1114220,0,1114220
4956803,6,DPWSolver,True,50000,100,0.9998,0.4,True,1142260,0,1142260
4956804,6,DPWSolver,True,50000,100,0.9998,0.4,False,1137172,0,1137172
4956805,26,NAIVE,True,50000,100,0.9998,0.4,False,1175811,0,1175811
4956806,4,ProgressiveWideningSolver,True,50000,100,0.9998,0.2,False,1142329,0,1142329
4956807,6,ProgressiveWideningSolver,True,50000,100,0.9998,0.4,False,1162496,0,1162496
4956808,6,DPWSolver,True,50000,100,0.999,0.2,True,1134323,0,1134323
4956809,6,DPWSolver,True,50000,100,0.999,0.2,False,1133506,0,1133506
4956810,6,DPWSolver,True,50000,100,0.999,0.4,True,1151420,0,1151420
4956811,6,DPWSolver,True,50000,100,0.999,0.4,False,1127027,0,1127027
4956812,23,NAIVE,True,50000,100,0.999,0.4,False,1156223,0,1156223
4956813,4,ProgressiveWideningSolver,True,50000,100,0.999,0.2,False,1148814,0,1148814
4956814,5,ProgressiveWideningSolver,True,50000,100,0.999,0.4,False,1165920,0,1165920
4956815,11,DPWSolver,True,50000,200,0.9998,0.2,True,1119971,0,1119971
4956816,11,DPWSolver,True,50000,200,0.9998,0.2,False,1134532,0,1134532
4956817,13,DPWSolver,True,50000,200,0.9998,0.4,True,1136872,0,1136872
4956818,14,DPWSolver,True,50000,200,0.9998,0.4,False,1123214,0,1123214
4956819,42,NAIVE,True,50000,200,0.9998,0.4,False,1155938,0,1155938
4956820,6,ProgressiveWideningSolver,True,50000,200,0.9998,0.2,False,1148769,0,1148769
4956821,11,ProgressiveWideningSolver,True,50000,200,0.9998,0.4,False,1166730,0,1166730
4956822,11,DPWSolver,True,50000,200,0.999,0.2,True,1107613,0,1107613
4956823,11,DPWSolver,True,50000,200,0.999,0.2,False,1109894,0,1109894
4956824,13,DPWSolver,True,50000,200,0.999,0.4,True,1141839,0,1141839
4956825,13,DPWSolver,True,50000,200,0.999,0.4,False,1164991,0,1164991
4956826,40,NAIVE,True,50000,200,0.999,0.4,False,1168440,0,1168440
4956827,5,ProgressiveWideningSolver,True,50000,200,0.999,0.2,False,1156653,0,1156653
4956828,10,ProgressiveWideningSolver,True,50000,200,0.999,0.4,False,1135508,0,1135508
4956829,26,DPWSolver,True,50000,500,0.9998,0.2,True,1124620,0,1124620
4956830,27,DPWSolver,True,50000,500,0.9998,0.2,False,1114326,0,1114326
4956831,37,DPWSolver,True,50000,500,0.9998,0.4,True,1111802,0,1111802
4956832,34,DPWSolver,True,50000,500,0.9998,0.4,False,1131027,0,1131027
4956833,85,NAIVE,True,50000,500,0.9998,0.4,False,1115735,0,1115735
4956834,10,ProgressiveWideningSolver,True,50000,500,0.9998,0.2,False,1170546,0,1170546
4956835,27,ProgressiveWideningSolver,True,50000,500,0.9998,0.4,False,1108087,0,1108087
4956836,29,DPWSolver,True,50000,500,0.999,0.2,True,1116697,0,1116697
4956837,30,DPWSolver,True,50000,500,0.999,0.2,False,1116532,0,1116532
4956838,37,DPWSolver,True,50000,500,0.999,0.4,True,1106912,0,1106912
4956839,37,DPWSolver,True,50000,500,0.999,0.4,False,1098517,0,1098517
4956840,78,NAIVE,True,50000,500,0.999,0.4,False,1122611,0,1122611
4956841,10,ProgressiveWideningSolver,True,50000,500,0.999,0.2,False,1145848,0,1145848
4956842,26,ProgressiveWideningSolver,True,50000,500,0.999,0.4,False,1124301,0,1124301
4956843,55,DPWSolver,True,50000,1000,0.9998,0.2,True,1124106,0,1124106
4956844,54,DPWSolver,True,50000,1000,0.9998,0.2,False,1097216,0,1097216
4956845,79,DPWSolver,True,50000,1000,0.9998,0.4,True,1118388,0,1118388
4956846,76,DPWSolver,True,50000,1000,0.9998,0.4,False,1124884,0,1124884
4956847,136,NAIVE,True,50000,1000,0.9998,0.4,False,1132212,0,1132212
4956848,21,ProgressiveWideningSolver,True,50000,1000,0.9998,0.2,False,1138043,0,1138043
4956849,47,ProgressiveWideningSolver,True,50000,1000,0.9998,0.4,False,1102091,0,1102091
4956850,55,DPWSolver,True,50000,1000,0.999,0.2,True,1110388,0,1110388
4956851,52,DPWSolver,True,50000,1000,0.999,0.2,False,1101162,0,1101162
4956852,81,DPWSolver,True,50000,1000,0.999,0.4,True,1141188,0,1141188
4956853,76,DPWSolver,True,50000,1000,0.999,0.4,False,1142203,0,1142203
4956854,128,NAIVE,True,50000,1000,0.999,0.4,False,1124909,0,1124909
4956855,18,ProgressiveWideningSolver,True,50000,1000,0.999,0.2,False,1122288,0,1122288
4956856,44,ProgressiveWideningSolver,True,50000,1000,0.999,0.4,False,1125362,0,1125362
4956857,2,DPWSolver,True,100000,20,0.9998,0.2,True,1209478,0,1209478
4956858,2,DPWSolver,True,100000,20,0.9998,0.2,False,1179220,0,1179220
4956859,2,DPWSolver,True,100000,20,0.9998,0.4,True,1177278,0,1177278
4956860,4,DPWSolver,True,100000,20,0.9998,0.4,False,1171912,0,1171912
4956861,6,NAIVE,True,100000,20,0.9998,0.4,False,1230327,0,1230327
4956862,1,ProgressiveWideningSolver,True,100000,20,0.9998,0.2,False,1187496,0,1187496
4956863,1,ProgressiveWideningSolver,True,100000,20,0.9998,0.4,False,1188542,0,1188542
4956864,2,DPWSolver,True,100000,20,0.999,0.2,True,1201429,0,1201429
4956865,2,DPWSolver,True,100000,20,0.999,0.2,False,1175305,0,1175305
4956866,2,DPWSolver,True,100000,20,0.999,0.4,True,1179564,0,1179564
4956867,2,DPWSolver,True,100000,20,0.999,0.4,False,1193952,0,1193952
4956868,5,NAIVE,True,100000,20,0.999,0.4,False,1166389,0,1166389
4956869,2,ProgressiveWideningSolver,True,100000,20,0.999,0.2,False,1204659,0,1204659
4956870,1,ProgressiveWideningSolver,True,100000,20,0.999,0.4,False,1191438,0,1191438
4956871,3,DPWSolver,True,100000,50,0.9998,0.2,True,1142486,0,1142486
4956872,3,DPWSolver,True,100000,50,0.9998,0.2,False,1150007,0,1150007
4956873,3,DPWSolver,True,100000,50,0.9998,0.4,True,1149282,0,1149282
4956874,3,DPWSolver,True,100000,50,0.9998,0.4,False,1138027,0,1138027
4956875,13,NAIVE,True,100000,50,0.9998,0.4,False,1193423,0,1193423
4956876,3,ProgressiveWideningSolver,True,100000,50,0.9998,0.2,False,1179219,0,1179219
4956877,3,ProgressiveWideningSolver,True,100000,50,0.9998,0.4,False,1161561,0,1161561
4956878,3,DPWSolver,True,100000,50,0.999,0.2,True,1173633,0,1173633
4956879,3,DPWSolver,True,100000,50,0.999,0.2,False,1162361,0,1162361
4956880,3,DPWSolver,True,100000,50,0.999,0.4,True,1148838,0,1148838
4956881,3,DPWSolver,True,100000,50,0.999,0.4,False,1146829,0,1146829
4956882,13,NAIVE,True,100000,50,0.999,0.4,False,1196123,0,1196123
4956883,3,ProgressiveWideningSolver,True,100000,50,0.999,0.2,False,1168273,0,1168273
4956884,3,ProgressiveWideningSolver,True,100000,50,0.999,0.4,False,1151580,0,1151580
4956885,6,DPWSolver,True,100000,100,0.9998,0.2,True,1131860,0,1131860
4956886,6,DPWSolver,True,100000,100,0.9998,0.2,False,1125550,0,1125550
4956887,6,DPWSolver,True,100000,100,0.9998,0.4,True,1170418,0,1170418
4956888,7,DPWSolver,True,100000,100,0.9998,0.4,False,1163577,0,1163577
4956889,25,NAIVE,True,100000,100,0.9998,0.4,False,1161581,0,1161581
4956890,5,ProgressiveWideningSolver,True,100000,100,0.9998,0.2,False,1132993,0,1132993
4956891,6,ProgressiveWideningSolver,True,100000,100,0.9998,0.4,False,1137830,0,1137830
4956892,6,DPWSolver,True,100000,100,0.999,0.2,True,1116819,0,1116819
4956893,6,DPWSolver,True,100000,100,0.999,0.2,False,1117278,0,1117278
4956894,6,DPWSolver,True,100000,100,0.999,0.4,True,1127809,0,1127809
4956895,6,DPWSolver,True,100000,100,0.999,0.4,False,1147769,0,1147769
4956896,24,NAIVE,True,100000,100,0.999,0.4,False,1162768,0,1162768
4956897,4,ProgressiveWideningSolver,True,100000,100,0.999,0.2,False,1147111,0,1147111
4956898,6,ProgressiveWideningSolver,True,100000,100,0.999,0.4,False,1111943,0,1111943
4956899,12,DPWSolver,True,100000,200,0.9998,0.2,True,1117467,0,1117467
4956900,11,DPWSolver,True,100000,200,0.9998,0.2,False,1126444,0,1126444
4956901,13,DPWSolver,True,100000,200,0.9998,0.4,True,1139834,0,1139834
4956902,12,DPWSolver,True,100000,200,0.9998,0.4,False,1142263,0,1142263
4956903,38,NAIVE,True,100000,200,0.9998,0.4,False,1140652,0,1140652
4956904,6,ProgressiveWideningSolver,True,100000,200,0.9998,0.2,False,1152521,0,1152521
4956905,12,ProgressiveWideningSolver,True,100000,200,0.9998,0.4,False,1144627,0,1144627
4956906,11,DPWSolver,True,100000,200,0.999,0.2,True,1105032,0,1105032
4956907,11,DPWSolver,True,100000,200,0.999,0.2,False,1127458,0,1127458
4956908,13,DPWSolver,True,100000,200,0.999,0.4,True,1145910,0,1145910
4956909,13,DPWSolver,True,100000,200,0.999,0.4,False,1133798,0,1133798
4956910,40,NAIVE,True,100000,200,0.999,0.4,False,1157223,0,1157223
4956911,6,ProgressiveWideningSolver,True,100000,200,0.999,0.2,False,1124433,0,1124433
4956912,11,ProgressiveWideningSolver,True,100000,200,0.999,0.4,False,1132608,0,1132608
4956913,26,DPWSolver,True,100000,500,0.9998,0.2,True,1093392,0,1093392
4956914,27,DPWSolver,True,100000,500,0.9998,0.2,False,1113556,0,1113556
4956915,36,DPWSolver,True,100000,500,0.9998,0.4,True,1111605,0,1111605
4956916,38,DPWSolver,True,100000,500,0.9998,0.4,False,1106714,0,1106714
4956917,89,NAIVE,True,100000,500,0.9998,0.4,False,1138055,0,1138055
4956918,11,ProgressiveWideningSolver,True,100000,500,0.9998,0.2,False,1138172,0,1138172
4956919,32,ProgressiveWideningSolver,True,100000,500,0.9998,0.4,False,1113131,0,1113131
4956920,27,DPWSolver,True,100000,500,0.999,0.2,True,1100384,0,1100384
4956921,28,DPWSolver,True,100000,500,0.999,0.2,False,1100465,0,1100465
4956922,42,DPWSolver,True,100000,500,0.999,0.4,True,1122005,0,1122005
4956923,38,DPWSolver,True,100000,500,0.999,0.4,False,1114456,0,1114456
4956924,88,NAIVE,True,100000,500,0.999,0.4,False,1128783,0,1128783
4956925,11,ProgressiveWideningSolver,True,100000,500,0.999,0.2,False,1145656,0,1145656
4956926,29,ProgressiveWideningSolver,True,100000,500,0.999,0.4,False,1111249,0,1111249
4956927,55,DPWSolver,True,100000,1000,0.9998,0.2,True,1111713,0,1111713
4956928,55,DPWSolver,True,100000,1000,0.9998,0.2,False,1090833,0,1090833
4956929,80,DPWSolver,True,100000,1000,0.9998,0.4,True,1124239,0,1124239
4956930,80,DPWSolver,True,100000,1000,0.9998,0.4,False,1138400,0,1138400
4956931,161,NAIVE,True,100000,1000,0.9998,0.4,False,1126114,0,1126114
4956932,24,ProgressiveWideningSolver,True,100000,1000,0.9998,0.2,False,1111925,0,1111925
4956933,54,ProgressiveWideningSolver,True,100000,1000,0.9998,0.4,False,1104600,0,1104600
4956934,52,DPWSolver,True,100000,1000,0.999,0.2,True,1125972,0,1125972
4956935,56,DPWSolver,True,100000,1000,0.999,0.2,False,1117973,0,1117973
4956936,76,DPWSolver,True,100000,1000,0.999,0.4,True,1104130,0,1104130
4956937,79,DPWSolver,True,100000,1000,0.999,0.4,False,1110645,0,1110645
4956938,142,NAIVE,True,100000,1000,0.999,0.4,False,1120455,0,1120455
4956939,20,ProgressiveWideningSolver,True,100000,1000,0.999,0.2,False,1128060,0,1128060
4956940,48,ProgressiveWideningSolver,True,100000,1000,0.999,0.4,False,1111797,0,1111797
4956941,2,DPWSolver,True,500000,20,0.9998,0.2,True,1177378,0,1177378
4956942,2,DPWSolver,True,500000,20,0.9998,0.2,False,1182069,0,1182069
4956943,2,DPWSolver,True,500000,20,0.9998,0.4,True,1181484,0,1181484
4956944,2,DPWSolver,True,500000,20,0.9998,0.4,False,1171346,0,1171346
4956945,6,NAIVE,True,500000,20,0.9998,0.4,False,1196493,0,1196493
4956946,2,ProgressiveWideningSolver,True,500000,20,0.9998,0.2,False,1183800,0,1183800
4956947,2,ProgressiveWideningSolver,True,500000,20,0.9998,0.4,False,1197792,0,1197792
4956948,2,DPWSolver,True,500000,20,0.999,0.2,True,1208656,0,1208656
4956949,2,DPWSolver,True,500000,20,0.999,0.2,False,1174332,0,1174332
4956950,3,DPWSolver,True,500000,20,0.999,0.4,True,1186088,0,1186088
4956951,2,DPWSolver,True,500000,20,0.999,0.4,False,1202656,0,1202656
4956952,5,NAIVE,True,500000,20,0.999,0.4,False,1177636,0,1177636
4956953,2,ProgressiveWideningSolver,True,500000,20,0.999,0.2,False,1197392,0,1197392
4956954,2,ProgressiveWideningSolver,True,500000,20,0.999,0.4,False,1212377,0,1212377
4956955,3,DPWSolver,True,500000,50,0.9998,0.2,True,1146545,0,1146545
4956956,3,DPWSolver,True,500000,50,0.9998,0.2,False,1170076,0,1170076
4956957,3,DPWSolver,True,500000,50,0.9998,0.4,True,1150343,0,1150343
4956958,3,DPWSolver,True,500000,50,0.9998,0.4,False,1142801,0,1142801
4956959,14,NAIVE,True,500000,50,0.9998,0.4,False,1210863,0,1210863
4956960,3,ProgressiveWideningSolver,True,500000,50,0.9998,0.2,False,1191318,0,1191318
4956961,3,ProgressiveWideningSolver,True,500000,50,0.9998,0.4,False,1188754,0,1188754
4956962,4,DPWSolver,True,500000,50,0.999,0.2,True,1151894,0,1151894
4956963,3,DPWSolver,True,500000,50,0.999,0.2,False,1167030,0,1167030
4956964,3,DPWSolver,True,500000,50,0.999,0.4,True,1131932,0,1131932
4956965,3,DPWSolver,True,500000,50,0.999,0.4,False,1161457,0,1161457
4956966,15,NAIVE,True,500000,50,0.999,0.4,False,1183365,0,1183365
4956967,4,ProgressiveWideningSolver,True,500000,50,0.999,0.2,False,1166981,0,1166981
4956968,3,ProgressiveWideningSolver,True,500000,50,0.999,0.4,False,1168864,0,1168864
4956969,6,DPWSolver,True,500000,100,0.9998,0.2,True,1158513,0,1158513
4956970,6,DPWSolver,True,500000,100,0.9998,0.2,False,1124171,0,1124171
4956971,6,DPWSolver,True,500000,100,0.9998,0.4,True,1161692,0,1161692
4956972,6,DPWSolver,True,500000,100,0.9998,0.4,False,1161571,0,1161571
4956973,23,NAIVE,True,500000,100,0.9998,0.4,False,1154308,0,1154308
4956974,5,ProgressiveWideningSolver,True,500000,100,0.9998,0.2,False,1144796,0,1144796
4956975,6,ProgressiveWideningSolver,True,500000,100,0.9998,0.4,False,1187367,0,1187367
4956976,6,DPWSolver,True,500000,100,0.999,0.2,True,1150232,0,1150232
4956977,6,DPWSolver,True,500000,100,0.999,0.2,False,1117500,0,1117500
4956978,6,DPWSolver,True,500000,100,0.999,0.4,True,1157834,0,1157834
4956979,6,DPWSolver,True,500000,100,0.999,0.4,False,1135700,0,1135700
4956980,24,NAIVE,True,500000,100,0.999,0.4,False,1152850,0,1152850
4956981,6,ProgressiveWideningSolver,True,500000,100,0.999,0.2,False,1119830,0,1119830
4956982,6,ProgressiveWideningSolver,True,500000,100,0.999,0.4,False,1168737,0,1168737
4956983,12,DPWSolver,True,500000,200,0.9998,0.2,True,1111580,0,1111580
4956984,12,DPWSolver,True,500000,200,0.9998,0.2,False,1118826,0,1118826
4956985,13,DPWSolver,True,500000,200,0.9998,0.4,True,1134456,0,1134456
4956986,13,DPWSolver,True,500000,200,0.9998,0.4,False,1154156,0,1154156
4956987,43,NAIVE,True,500000,200,0.9998,0.4,False,1168759,0,1168759
4956988,9,ProgressiveWideningSolver,True,500000,200,0.9998,0.2,False,1119277,0,1119277
4956989,12,ProgressiveWideningSolver,True,500000,200,0.9998,0.4,False,1151650,0,1151650
4956990,11,DPWSolver,True,500000,200,0.999,0.2,True,1147193,0,1147193
4956991,11,DPWSolver,True,500000,200,0.999,0.2,False,1119646,0,1119646
4956992,13,DPWSolver,True,500000,200,0.999,0.4,True,1157106,0,1157106
4956993,13,DPWSolver,True,500000,200,0.999,0.4,False,1121720,0,1121720
4956994,45,NAIVE,True,500000,200,0.999,0.4,False,1192979,0,1192979
4956995,9,ProgressiveWideningSolver,True,500000,200,0.999,0.2,False,1156255,0,1156255
4956996,13,ProgressiveWideningSolver,True,500000,200,0.999,0.4,False,1178962,0,1178962
4956997,27,DPWSolver,True,500000,500,0.9998,0.2,True,1094801,0,1094801
4956998,28,DPWSolver,True,500000,500,0.9998,0.2,False,1094891,0,1094891
4956999,41,DPWSolver,True,500000,500,0.9998,0.4,True,1131195,0,1131195
4957000,41,DPWSolver,True,500000,500,0.9998,0.4,False,1131237,0,1131237
4957001,89,NAIVE,True,500000,500,0.9998,0.4,False,1126426,0,1126426
4957002,22,ProgressiveWideningSolver,True,500000,500,0.9998,0.2,False,1139828,0,1139828
4957003,43,ProgressiveWideningSolver,True,500000,500,0.9998,0.4,False,1127883,0,1127883
4957004,28,DPWSolver,True,500000,500,0.999,0.2,True,1118632,0,1118632
4957005,28,DPWSolver,True,500000,500,0.999,0.2,False,1104321,0,1104321
4957006,40,DPWSolver,True,500000,500,0.999,0.4,True,1110155,0,1110155
4957007,37,DPWSolver,True,500000,500,0.999,0.4,False,1110561,0,1110561
4957008,92,NAIVE,True,500000,500,0.999,0.4,False,1133363,0,1133363
4957009,19,ProgressiveWideningSolver,True,500000,500,0.999,0.2,False,1122400,0,1122400
4957010,40,ProgressiveWideningSolver,True,500000,500,0.999,0.4,False,1138384,0,1138384
4957011,63,DPWSolver,True,500000,1000,0.9998,0.2,True,1117799,0,1117799
4957012,55,DPWSolver,True,500000,1000,0.9998,0.2,False,1109216,0,1109216
4957013,86,DPWSolver,True,500000,1000,0.9998,0.4,True,1122836,0,1122836
4957014,83,DPWSolver,True,500000,1000,0.9998,0.4,False,1124768,0,1124768
4957015,190,NAIVE,True,500000,1000,0.9998,0.4,False,1141794,0,1141794
4957016,40,ProgressiveWideningSolver,True,500000,1000,0.9998,0.2,False,1110835,0,1110835
4957017,89,ProgressiveWideningSolver,True,500000,1000,0.9998,0.4,False,1151089,0,1151089
4957018,57,DPWSolver,True,500000,1000,0.999,0.2,True,1093622,0,1093622
4957019,61,DPWSolver,True,500000,1000,0.999,0.2,False,1102179,0,1102179
4957020,79,DPWSolver,True,500000,1000,0.999,0.4,True,1117550,0,1117550
4957021,84,DPWSolver,True,500000,1000,0.999,0.4,False,1158859,0,1158859
4957022,183,NAIVE,True,500000,1000,0.999,0.4,False,1105677,0,1105677
4957023,36,ProgressiveWideningSolver,True,500000,1000,0.999,0.2,False,1121018,0,1121018
4957024,76,ProgressiveWideningSolver,True,500000,1000,0.999,0.4,False,1109689,0,1109689
4957025,2,DPWSolver,True,750000,20,0.9998,0.2,True,1187190,0,1187190
4957026,2,DPWSolver,True,750000,20,0.9998,0.2,False,1201934,0,1201934
4957027,2,DPWSolver,True,750000,20,0.9998,0.4,True,1216838,0,1216838
4957028,2,DPWSolver,True,750000,20,0.9998,0.4,False,1191980,0,1191980
4957029,6,NAIVE,True,750000,20,0.9998,0.4,False,1182531,0,1182531
4957030,2,ProgressiveWideningSolver,True,750000,20,0.9998,0.2,False,1218176,0,1218176
4957031,2,ProgressiveWideningSolver,True,750000,20,0.9998,0.4,False,1201988,0,1201988
4957032,2,DPWSolver,True,750000,20,0.999,0.2,True,1168855,0,1168855
4957033,2,DPWSolver,True,750000,20,0.999,0.2,False,1171550,0,1171550
4957034,2,DPWSolver,True,750000,20,0.999,0.4,True,1158988,0,1158988
4957035,2,DPWSolver,True,750000,20,0.999,0.4,False,1171602,0,1171602
4957036,6,NAIVE,True,750000,20,0.999,0.4,False,1190390,0,1190390
4957037,2,ProgressiveWideningSolver,True,750000,20,0.999,0.2,False,1186484,0,1186484
4957038,1,ProgressiveWideningSolver,True,750000,20,0.999,0.4,False,1178004,0,1178004
4957039,3,DPWSolver,True,750000,50,0.9998,0.2,True,1148282,0,1148282
4957040,3,DPWSolver,True,750000,50,0.9998,0.2,False,1199902,0,1199902
4957041,3,DPWSolver,True,750000,50,0.9998,0.4,True,1136085,0,1136085
4957042,4,DPWSolver,True,750000,50,0.9998,0.4,False,1187612,0,1187612
4957043,13,NAIVE,True,750000,50,0.9998,0.4,False,1171830,0,1171830
4957044,3,ProgressiveWideningSolver,True,750000,50,0.9998,0.2,False,1162850,0,1162850
4957045,3,ProgressiveWideningSolver,True,750000,50,0.9998,0.4,False,1206263,0,1206263
4957046,4,DPWSolver,True,750000,50,0.999,0.2,True,1156847,0,1156847
4957047,3,DPWSolver,True,750000,50,0.999,0.2,False,1140802,0,1140802
4957048,3,DPWSolver,True,750000,50,0.999,0.4,True,1176488,0,1176488
4957049,3,DPWSolver,True,750000,50,0.999,0.4,False,1137594,0,1137594
4957050,12,NAIVE,True,750000,50,0.999,0.4,False,1197604,0,1197604
4957051,3,ProgressiveWideningSolver,True,750000,50,0.999,0.2,False,1182476,0,1182476
4957052,3,ProgressiveWideningSolver,True,750000,50,0.999,0.4,False,1153897,0,1153897
4957053,6,DPWSolver,True,750000,100,0.9998,0.2,True,1144867,0,1144867
4957054,6,DPWSolver,True,750000,100,0.9998,0.2,False,1146417,0,1146417
4957055,6,DPWSolver,True,750000,100,0.9998,0.4,True,1147922,0,1147922
4957056,6,DPWSolver,True,750000,100,0.9998,0.4,False,1129045,0,1129045
4957057,24,NAIVE,True,750000,100,0.9998,0.4,False,1177183,0,1177183
4957058,6,ProgressiveWideningSolver,True,750000,100,0.9998,0.2,False,1159693,0,1159693
4957059,7,ProgressiveWideningSolver,True,750000,100,0.9998,0.4,False,1142743,0,1142743
4957060,6,DPWSolver,True,750000,100,0.999,0.2,True,1156607,0,1156607
4957061,6,DPWSolver,True,750000,100,0.999,0.2,False,1140667,0,1140667
4957062,6,DPWSolver,True,750000,100,0.999,0.4,True,1148621,0,1148621
4957063,7,DPWSolver,True,750000,100,0.999,0.4,False,1146318,0,1146318
4957064,25,NAIVE,True,750000,100,0.999,0.4,False,1178318,0,1178318
4957065,5,ProgressiveWideningSolver,True,750000,100,0.999,0.2,False,1177530,0,1177530
4957066,6,ProgressiveWideningSolver,True,750000,100,0.999,0.4,False,1146104,0,1146104
4957067,11,DPWSolver,True,750000,200,0.9998,0.2,True,1113727,0,1113727
4957068,12,DPWSolver,True,750000,200,0.9998,0.2,False,1114365,0,1114365
4957069,14,DPWSolver,True,750000,200,0.9998,0.4,True,1165910,0,1165910
4957070,14,DPWSolver,True,750000,200,0.9998,0.4,False,1152296,0,1152296
4957071,40,NAIVE,True,750000,200,0.9998,0.4,False,1167162,0,1167162
4957072,9,ProgressiveWideningSolver,True,750000,200,0.9998,0.2,False,1173265,0,1173265
4957073,13,ProgressiveWideningSolver,True,750000,200,0.9998,0.4,False,1136620,0,1136620
4957074,12,DPWSolver,True,750000,200,0.999,0.2,True,1135736,0,1135736
4957075,12,DPWSolver,True,750000,200,0.999,0.2,False,1116684,0,1116684
4957076,15,DPWSolver,True,750000,200,0.999,0.4,True,1131057,0,1131057
4957077,14,DPWSolver,True,750000,200,0.999,0.4,False,1160350,0,1160350
4957078,45,NAIVE,True,750000,200,0.999,0.4,False,1172318,0,1172318
4957079,8,ProgressiveWideningSolver,True,750000,200,0.999,0.2,False,1133336,0,1133336
4957080,12,ProgressiveWideningSolver,True,750000,200,0.999,0.4,False,1128453,0,1128453
4957081,27,DPWSolver,True,750000,500,0.9998,0.2,True,1096324,0,1096324
4957082,29,DPWSolver,True,750000,500,0.9998,0.2,False,1108005,0,1108005
4957083,40,DPWSolver,True,750000,500,0.9998,0.4,True,1098702,0,1098702
4957084,38,DPWSolver,True,750000,500,0.9998,0.4,False,1120868,0,1120868
4957085,96,NAIVE,True,750000,500,0.9998,0.4,False,1166414,0,1166414
4957086,20,ProgressiveWideningSolver,True,750000,500,0.9998,0.2,False,1125898,0,1125898
4957087,39,ProgressiveWideningSolver,True,750000,500,0.9998,0.4,False,1133370,0,1133370
4957088,28,DPWSolver,True,750000,500,0.999,0.2,True,1108631,0,1108631
4957089,30,DPWSolver,True,750000,500,0.999,0.2,False,1107599,0,1107599
4957090,40,DPWSolver,True,750000,500,0.999,0.4,True,1130693,0,1130693
4957091,38,DPWSolver,True,750000,500,0.999,0.4,False,1117561,0,1117561
4957092,92,NAIVE,True,750000,500,0.999,0.4,False,1134998,0,1134998
4957093,20,ProgressiveWideningSolver,True,750000,500,0.999,0.2,False,1131713,0,1131713
4957094,46,ProgressiveWideningSolver,True,750000,500,0.999,0.4,False,1147516,0,1147516
4957095,58,DPWSolver,True,750000,1000,0.9998,0.2,True,1118405,0,1118405
4957096,61,DPWSolver,True,750000,1000,0.9998,0.2,False,1119461,0,1119461
4957097,84,DPWSolver,True,750000,1000,0.9998,0.4,True,1128100,0,1128100
4957098,87,DPWSolver,True,750000,1000,0.9998,0.4,False,1139454,0,1139454
4957099,180,NAIVE,True,750000,1000,0.9998,0.4,False,1127655,0,1127655
4957100,45,ProgressiveWideningSolver,True,750000,1000,0.9998,0.2,False,1137034,0,1137034
4957101,82,ProgressiveWideningSolver,True,750000,1000,0.9998,0.4,False,1132294,0,1132294
4957102,66,DPWSolver,True,750000,1000,0.999,0.2,True,1113685,0,1113685
4957103,59,DPWSolver,True,750000,1000,0.999,0.2,False,1097957,0,1097957
4957104,85,DPWSolver,True,750000,1000,0.999,0.4,True,1102927,0,1102927
4957105,85,DPWSolver,True,750000,1000,0.999,0.4,False,1127158,0,1127158
4957106,184,NAIVE,True,750000,1000,0.999,0.4,False,1124280,0,1124280
4957107,41,ProgressiveWideningSolver,True,750000,1000,0.999,0.2,False,1137716,0,1137716
4957108,78,ProgressiveWideningSolver,True,750000,1000,0.999,0.4,False,1118570,0,1118570
4957109,2,DPWSolver,True,1000000,20,0.9998,0.2,True,1200212,0,1200212
4957110,2,DPWSolver,True,1000000,20,0.9998,0.2,False,1182476,0,1182476
4957111,2,DPWSolver,True,1000000,20,0.9998,0.4,True,1174081,0,1174081
4957112,2,DPWSolver,True,1000000,20,0.9998,0.4,False,1168810,0,1168810
4957113,5,NAIVE,True,1000000,20,0.9998,0.4,False,1210589,0,1210589
4957114,2,ProgressiveWideningSolver,True,1000000,20,0.9998,0.2,False,1196864,0,1196864
4957115,2,ProgressiveWideningSolver,True,1000000,20,0.9998,0.4,False,1192450,0,1192450
4957116,2,DPWSolver,True,1000000,20,0.999,0.2,True,1185901,0,1185901
4957117,2,DPWSolver,True,1000000,20,0.999,0.2,False,1160238,0,1160238
4957118,2,DPWSolver,True,1000000,20,0.999,0.4,True,1185542,0,1185542
4957119,2,DPWSolver,True,1000000,20,0.999,0.4,False,1180947,0,1180947
4957120,5,NAIVE,True,1000000,20,0.999,0.4,False,1178005,0,1178005
4957121,2,ProgressiveWideningSolver,True,1000000,20,0.999,0.2,False,1186377,0,1186377
4957122,2,ProgressiveWideningSolver,True,1000000,20,0.999,0.4,False,1202126,0,1202126
4957123,3,DPWSolver,True,1000000,50,0.9998,0.2,True,1150912,0,1150912
4957124,3,DPWSolver,True,1000000,50,0.9998,0.2,False,1135627,0,1135627
4957125,3,DPWSolver,True,1000000,50,0.9998,0.4,True,1149024,0,1149024
4957126,3,DPWSolver,True,1000000,50,0.9998,0.4,False,1128248,0,1128248
4957127,13,NAIVE,True,1000000,50,0.9998,0.4,False,1179842,0,1179842
4957128,3,ProgressiveWideningSolver,True,1000000,50,0.9998,0.2,False,1161674,0,1161674
4957129,3,ProgressiveWideningSolver,True,1000000,50,0.9998,0.4,False,1155480,0,1155480
4957130,3,DPWSolver,True,1000000,50,0.999,0.2,True,1132559,0,1132559
4957131,3,DPWSolver,True,1000000,50,0.999,0.2,False,1133320,0,1133320
4957132,3,DPWSolver,True,1000000,50,0.999,0.4,True,1169277,0,1169277
4957133,3,DPWSolver,True,1000000,50,0.999,0.4,False,1154452,0,1154452
4957134,13,NAIVE,True,1000000,50,0.999,0.4,False,1152199,0,1152199
4957135,3,ProgressiveWideningSolver,True,1000000,50,0.999,0.2,False,1170129,0,1170129
4957136,3,ProgressiveWideningSolver,True,1000000,50,0.999,0.4,False,1176408,0,1176408
4957137,6,DPWSolver,True,1000000,100,0.9998,0.2,True,1149392,0,1149392
4957138,7,DPWSolver,True,1000000,100,0.9998,0.2,False,1174285,0,1174285
4957139,8,DPWSolver,True,1000000,100,0.9998,0.4,True,1127684,0,1127684
4957140,6,DPWSolver,True,1000000,100,0.9998,0.4,False,1152863,0,1152863
4957141,26,NAIVE,True,1000000,100,0.9998,0.4,False,1164929,0,1164929
4957142,6,ProgressiveWideningSolver,True,1000000,100,0.9998,0.2,False,1179162,0,1179162
4957143,7,ProgressiveWideningSolver,True,1000000,100,0.9998,0.4,False,1178395,0,1178395
4957144,6,DPWSolver,True,1000000,100,0.999,0.2,True,1155948,0,1155948
4957145,6,DPWSolver,True,1000000,100,0.999,0.2,False,1154983,0,1154983
4957146,6,DPWSolver,True,1000000,100,0.999,0.4,True,1147866,0,1147866
4957147,6,DPWSolver,True,1000000,100,0.999,0.4,False,1166909,0,1166909
4957148,24,NAIVE,True,1000000,100,0.999,0.4,False,1168645,0,1168645
4957149,5,ProgressiveWideningSolver,True,1000000,100,0.999,0.2,False,1137298,0,1137298
4957150,6,ProgressiveWideningSolver,True,1000000,100,0.999,0.4,False,1150343,0,1150343
4957151,11,DPWSolver,True,1000000,200,0.9998,0.2,True,1133298,0,1133298
4957152,12,DPWSolver,True,1000000,200,0.9998,0.2,False,1121851,0,1121851
4957153,13,DPWSolver,True,1000000,200,0.9998,0.4,True,1148723,0,1148723
4957154,13,DPWSolver,True,1000000,200,0.9998,0.4,False,1127298,0,1127298
4957155,43,NAIVE,True,1000000,200,0.9998,0.4,False,1166544,0,1166544
4957156,9,ProgressiveWideningSolver,True,1000000,200,0.9998,0.2,False,1123745,0,1123745
4957157,12,ProgressiveWideningSolver,True,1000000,200,0.9998,0.4,False,1140419,0,1140419
4957158,11,DPWSolver,True,1000000,200,0.999,0.2,True,1111214,0,1111214
4957159,11,DPWSolver,True,1000000,200,0.999,0.2,False,1146598,0,1146598
4957160,13,DPWSolver,True,1000000,200,0.999,0.4,True,1134761,0,1134761
4957161,13,DPWSolver,True,1000000,200,0.999,0.4,False,1147300,0,1147300
4957162,42,NAIVE,True,1000000,200,0.999,0.4,False,1166291,0,1166291
4957163,10,ProgressiveWideningSolver,True,1000000,200,0.999,0.2,False,1140195,0,1140195
4957164,14,ProgressiveWideningSolver,True,1000000,200,0.999,0.4,False,1150543,0,1150543
4957165,27,DPWSolver,True,1000000,500,0.9998,0.2,True,1106102,0,1106102
4957166,27,DPWSolver,True,1000000,500,0.9998,0.2,False,1115317,0,1115317
4957167,41,DPWSolver,True,1000000,500,0.9998,0.4,True,1113924,0,1113924
4957168,41,DPWSolver,True,1000000,500,0.9998,0.4,False,1134965,0,1134965
4957169,91,NAIVE,True,1000000,500,0.9998,0.4,False,1125432,0,1125432
4957170,21,ProgressiveWideningSolver,True,1000000,500,0.9998,0.2,False,1112212,0,1112212
4957171,45,ProgressiveWideningSolver,True,1000000,500,0.9998,0.4,False,1133942,0,1133942
4957172,27,DPWSolver,True,1000000,500,0.999,0.2,True,1097648,0,1097648
4957173,28,DPWSolver,True,1000000,500,0.999,0.2,False,1114231,0,1114231
4957174,41,DPWSolver,True,1000000,500,0.999,0.4,True,1110356,0,1110356
4957175,40,DPWSolver,True,1000000,500,0.999,0.4,False,1123427,0,1123427
4957176,92,NAIVE,True,1000000,500,0.999,0.4,False,1136413,0,1136413
4957177,21,ProgressiveWideningSolver,True,1000000,500,0.999,0.2,False,1129313,0,1129313
4957178,41,ProgressiveWideningSolver,True,1000000,500,0.999,0.4,False,1133869,0,1133869
4957179,63,DPWSolver,True,1000000,1000,0.9998,0.2,True,1110466,0,1110466
4957180,59,DPWSolver,True,1000000,1000,0.9998,0.2,False,1104195,0,1104195
4957181,86,DPWSolver,True,1000000,1000,0.9998,0.4,True,1153536,0,1153536
4957182,87,DPWSolver,True,1000000,1000,0.9998,0.4,False,1123577,0,1123577
4957183,186,NAIVE,True,1000000,1000,0.9998,0.4,False,1132615,0,1132615
4957184,45,ProgressiveWideningSolver,True,1000000,1000,0.9998,0.2,False,1135665,0,1135665
4957185,84,ProgressiveWideningSolver,True,1000000,1000,0.9998,0.4,False,1140065,0,1140065
4957186,57,DPWSolver,True,1000000,1000,0.999,0.2,True,1104250,0,1104250
4957187,61,DPWSolver,True,1000000,1000,0.999,0.2,False,1099339,0,1099339
4957188,85,DPWSolver,True,1000000,1000,0.999,0.4,True,1121355,0,1121355
4957189,88,DPWSolver,True,1000000,1000,0.999,0.4,False,1129457,0,1129457
4957190,188,NAIVE,True,1000000,1000,0.999,0.4,False,1137560,0,1137560
4957191,41,ProgressiveWideningSolver,True,1000000,1000,0.999,0.2,False,1121758,0,1121758
4957192,84,ProgressiveWideningSolver,True,1000000,1000,0.999,0.4,False,1135958,0,1135958
4957193,2,DPWSolver,True,25000000,20,0.9998,0.2,True,1208382,0,1208382
4957194,2,DPWSolver,True,25000000,20,0.9998,0.2,False,1163762,0,1163762
4957195,2,DPWSolver,True,25000000,20,0.9998,0.4,True,1199864,0,1199864
4957196,2,DPWSolver,True,25000000,20,0.9998,0.4,False,1179550,0,1179550
4957197,5,NAIVE,True,25000000,20,0.9998,0.4,False,1192348,0,1192348
4957198,1,ProgressiveWideningSolver,True,25000000,20,0.9998,0.2,False,1209694,0,1209694
4957199,2,ProgressiveWideningSolver,True,25000000,20,0.9998,0.4,False,1201836,0,1201836
4957200,2,DPWSolver,True,25000000,20,0.999,0.2,True,1189390,0,1189390
4957201,2,DPWSolver,True,25000000,20,0.999,0.2,False,1186612,0,1186612
4957202,2,DPWSolver,True,25000000,20,0.999,0.4,True,1192660,0,1192660
4957203,2,DPWSolver,True,25000000,20,0.999,0.4,False,1206154,0,1206154
4957204,5,NAIVE,True,25000000,20,0.999,0.4,False,1191514,0,1191514
4957205,2,ProgressiveWideningSolver,True,25000000,20,0.999,0.2,False,1201442,0,1201442
4957206,1,ProgressiveWideningSolver,True,25000000,20,0.999,0.4,False,1178660,0,1178660
4957207,3,DPWSolver,True,25000000,50,0.9998,0.2,True,1152259,0,1152259
4957208,3,DPWSolver,True,25000000,50,0.9998,0.2,False,1113114,0,1113114
4957209,3,DPWSolver,True,25000000,50,0.9998,0.4,True,1132462,0,1132462
4957210,3,DPWSolver,True,25000000,50,0.9998,0.4,False,1143324,0,1143324
4957211,13,NAIVE,True,25000000,50,0.9998,0.4,False,1177980,0,1177980
4957212,3,ProgressiveWideningSolver,True,25000000,50,0.9998,0.2,False,1191897,0,1191897
4957213,3,ProgressiveWideningSolver,True,25000000,50,0.9998,0.4,False,1168229,0,1168229
4957214,3,DPWSolver,True,25000000,50,0.999,0.2,True,1128987,0,1128987
4957215,3,DPWSolver,True,25000000,50,0.999,0.2,False,1166409,0,1166409
4957216,3,DPWSolver,True,25000000,50,0.999,0.4,True,1160317,0,1160317
4957217,3,DPWSolver,True,25000000,50,0.999,0.4,False,1139393,0,1139393
4957218,13,NAIVE,True,25000000,50,0.999,0.4,False,1217674,0,1217674
4957219,3,ProgressiveWideningSolver,True,25000000,50,0.999,0.2,False,1194578,0,1194578
4957220,3,ProgressiveWideningSolver,True,25000000,50,0.999,0.4,False,1171573,0,1171573
4957221,6,DPWSolver,True,25000000,100,0.9998,0.2,True,1155261,0,1155261
4957222,6,DPWSolver,True,25000000,100,0.9998,0.2,False,1147752,0,1147752
4957223,6,DPWSolver,True,25000000,100,0.9998,0.4,True,1163984,0,1163984
4957224,6,DPWSolver,True,25000000,100,0.9998,0.4,False,1201199,0,1201199
4957225,24,NAIVE,True,25000000,100,0.9998,0.4,False,1189706,0,1189706
4957226,5,ProgressiveWideningSolver,True,25000000,100,0.9998,0.2,False,1157928,0,1157928
4957227,6,ProgressiveWideningSolver,True,25000000,100,0.9998,0.4,False,1191977,0,1191977
4957228,6,DPWSolver,True,25000000,100,0.999,0.2,True,1134642,0,1134642
4957229,6,DPWSolver,True,25000000,100,0.999,0.2,False,1171866,0,1171866
4957230,6,DPWSolver,True,25000000,100,0.999,0.4,True,1173511,0,1173511
4957231,6,DPWSolver,True,25000000,100,0.999,0.4,False,1146296,0,1146296
4957232,24,NAIVE,True,25000000,100,0.999,0.4,False,1170330,0,1170330
4957233,6,ProgressiveWideningSolver,True,25000000,100,0.999,0.2,False,1152815,0,1152815
4957234,6,ProgressiveWideningSolver,True,25000000,100,0.999,0.4,False,1192784,0,1192784
4957235,12,DPWSolver,True,25000000,200,0.9998,0.2,True,1135062,0,1135062
4957236,12,DPWSolver,True,25000000,200,0.9998,0.2,False,1121264,0,1121264
4957237,14,DPWSolver,True,25000000,200,0.9998,0.4,True,1134152,0,1134152
4957238,13,DPWSolver,True,25000000,200,0.9998,0.4,False,1158170,0,1158170
4957239,39,NAIVE,True,25000000,200,0.9998,0.4,False,1176085,0,1176085
4957240,9,ProgressiveWideningSolver,True,25000000,200,0.9998,0.2,False,1149493,0,1149493
4957241,13,ProgressiveWideningSolver,True,25000000,200,0.9998,0.4,False,1140149,0,1140149
4957242,12,DPWSolver,True,25000000,200,0.999,0.2,True,1138006,0,1138006
4957243,12,DPWSolver,True,25000000,200,0.999,0.2,False,1142169,0,1142169
4957244,15,DPWSolver,True,25000000,200,0.999,0.4,True,1146383,0,1146383
4957245,14,DPWSolver,True,25000000,200,0.999,0.4,False,1125037,0,1125037
4957246,46,NAIVE,True,25000000,200,0.999,0.4,False,1170213,0,1170213
4957247,9,ProgressiveWideningSolver,True,25000000,200,0.999,0.2,False,1137206,0,1137206
4957248,14,ProgressiveWideningSolver,True,25000000,200,0.999,0.4,False,1171866,0,1171866
4957249,29,DPWSolver,True,25000000,500,0.9998,0.2,True,1120622,0,1120622
4957250,27,DPWSolver,True,25000000,500,0.9998,0.2,False,1132044,0,1132044
4957251,39,DPWSolver,True,25000000,500,0.9998,0.4,True,1154348,0,1154348
4957252,42,DPWSolver,True,25000000,500,0.9998,0.4,False,1133994,0,1133994
4957253,95,NAIVE,True,25000000,500,0.9998,0.4,False,1159394,0,1159394
4957254,20,ProgressiveWideningSolver,True,25000000,500,0.9998,0.2,False,1142242,0,1142242
4957255,40,ProgressiveWideningSolver,True,25000000,500,0.9998,0.4,False,1121231,0,1121231
4957256,29,DPWSolver,True,25000000,500,0.999,0.2,True,1110072,0,1110072
4957257,30,DPWSolver,True,25000000,500,0.999,0.2,False,1100138,0,1100138
4957258,40,DPWSolver,True,25000000,500,0.999,0.4,True,1134397,0,1134397
4957259,41,DPWSolver,True,25000000,500,0.999,0.4,False,1127381,0,1127381
4957260,94,NAIVE,True,25000000,500,0.999,0.4,False,1127376,0,1127376
4957261,20,ProgressiveWideningSolver,True,25000000,500,0.999,0.2,False,1136803,0,1136803
4957262,45,ProgressiveWideningSolver,True,25000000,500,0.999,0.4,False,1136745,0,1136745
4957263,62,DPWSolver,True,25000000,1000,0.9998,0.2,True,1100622,0,1100622
4957264,63,DPWSolver,True,25000000,1000,0.9998,0.2,False,1122568,0,1122568
4957265,84,DPWSolver,True,25000000,1000,0.9998,0.4,True,1126997,0,1126997
4957266,87,DPWSolver,True,25000000,1000,0.9998,0.4,False,1152576,0,1152576
4957267,197,NAIVE,True,25000000,1000,0.9998,0.4,False,1127274,0,1127274
4957268,50,ProgressiveWideningSolver,True,25000000,1000,0.9998,0.2,False,1128186,0,1128186
4957269,93,ProgressiveWideningSolver,True,25000000,1000,0.9998,0.4,False,1140611,0,1140611
4957270,76,DPWSolver,True,25000000,1000,0.999,0.2,True,1129024,0,1129024
4957271,61,DPWSolver,True,25000000,1000,0.999,0.2,False,1108518,0,1108518
4957272,99,DPWSolver,True,25000000,1000,0.999,0.4,True,1127199,0,1127199
4957273,85,DPWSolver,True,25000000,1000,0.999,0.4,False,1113367,0,1113367
4957274,202,NAIVE,True,25000000,1000,0.999,0.4,False,1135173,0,1135173
4957275,45,ProgressiveWideningSolver,True,25000000,1000,0.999,0.2,False,1146456,0,1146456
4957276,88,ProgressiveWideningSolver,True,25000000,1000,0.999,0.4,False,1142814,0,1142814
